순번,출원일,출원번호,등록일,등록번호,주발명자,공동발명자,출원의 명칭(한),분야별 기술(6T),데이터기준일
1,2021-06-30,10-2021-0085670,2024-05-08,10-2665794,전주환,"전주환,김형일,오선진",레이다 신호 파형을 이용한 다중 표적 탐지 방법 및  시스템,정보기술(IT),2024-12-31
2,2019-04-19,10-2019-0046277,2024-06-04,10-2673761,전주환,"전주환,이혁중,황성현,유성진,변우진",시간 영역 상관 관계 기법에 기초한 차량의 전방 관측 레이더 영상 생성 장치 및 그 방법,정보기술(IT),2024-12-31
3,2016-08-23,10-2016-0107148,2024-09-10,10-2706981,문재균,"문재균,최병준,윤성환","컨트롤러, 반도체 메모리 시스템 및 그것의 동작 방법",정보기술(IT),2024-12-31
4,2019-04-23,10-2019-0047574,2024-11-11,10-2730539,이덕주,"이덕주,서동호,조덕형,정계현,이용철,김영식,신달흔,권오준",터보차저 컴프레서휠,나노기술(NT),2024-12-31
5,2016-09-07,10-2016-0114923,2024-09-10,10-2706994,하정석,"하정석,김대성","메모리 컨트롤러, 반도체 메모리 시스템 및 그것의 동작 방법",정보기술(IT),2024-12-31
6,2016-06-21,10-2016-0077123,2024-04-23,10-2661548,원용협,"원용협,이준식,신두섭",액체 렌즈 및 액체 렌즈 모듈,나노기술(NT),2024-12-31
7,2019-05-07,10-2019-0053338,2024-08-08,10-2694907,윤성의,"윤성의,백종희,오소진,문보창,하새롬",실사 이미지 생성장치,정보기술(IT),2024-12-31
8,2016-07-21,10-2016-0092551,2024-05-13,10-2666852,하정석,"하정석,김대성,정수황","컨트롤러, 반도체 메모리 시스템 및 그의 동작 방법",정보기술(IT),2024-12-31
9,2016-07-18,10-2016-0090742,2024-01-03,10-2622053,임춘택,"임춘택,이은수,최병국,최진수,김호직,최용호,임상민,박영찬,이규성","전자장치, 디스플레이 장치 및 그 장치들의 구동방법",정보기술(IT),2024-12-31
10,2016-09-07,10-2016-0114936,2024-09-30,10-2714110,문재균,"문재균,강순영,윤성환","메모리 컨트롤러, 반도체 메모리 시스템 및 그것의 동작 방법",정보기술(IT),2024-12-31
11,2016-08-22,10-2016-0106300,2024-04-01,10-2654635,이상국,"이상국,기욤",배터리의 용량상태 결정방법 및 그를 이용한 용량감소 측정방법,정보기술(IT),2024-12-31
12,2016-10-19,10-2016-0135520,2024-09-03,10-2704463,조병관,"조병관,신종오,이남일",렌티바이러스를 이용한 차세대 시퀀싱 기반 재조합 단백질 발현을 위한 세포 내 고발현 영역 탐색 방법 및 고발현 영역 정보,생명공학기술(BT),2024-12-31
13,2016-07-22,10-2016-0093678,2024-06-11,10-2675318,조규형,"조규형,허연희,김기덕",호버 감지를 위한 좌표 측정 장치 및 방법,정보기술(IT),2024-12-31
14,2016-09-05,10-2016-0114044,2024-05-23,10-2669965,임춘택,"임춘택,이은수,최병국,최진수,이규성",무선 전력 전송 장치 및 무선 전력 전송 시스템,정보기술(IT),2024-12-31
15,2016-09-22,10-2016-0121462,2024-08-05,10-2693262,조동호,"조동호,김민호,노동석,문정민",상향링크 데이터 재송신을 제어하기 위한 장치 및 방법,정보기술(IT),2024-12-31
16,2016-11-24,10-2016-0157249,2024-05-23,10-2669967,노용만,"노용만,김학구,이진성,민종술",홀로그램 생성 방법 및 홀로그램 생성 장치,정보기술(IT),2024-12-31
17,2017-01-11,10-2017-0004302,2024-05-24,10-2670400,홍성철,"홍성철,박진석,강승훈,안민기,정재훈",위상천이장치 및 이를 이용한 방법,정보기술(IT),2024-12-31
18,2016-12-19,10-2016-0173903,2024-09-06,10-2705617,한동수,"한동수,문병철,정석훈",위치 정보 제공 방법 및 그 장치,정보기술(IT),2024-12-31
19,2016-12-20,10-2016-0174225,2024-05-09,10-2665997,김동준,"김동준,노연주,허재혁,진성욱",패킷을 부호화하는 장치 및 이를 포함하는 메모리 네트워크에서의 라우팅 방법,정보기술(IT),2024-12-31
20,2017-01-25,10-2017-0011694,2024-08-05,10-2693468,이용훈,"이용훈,이준호,박순찬,강민근,오진우,정재훈,안민기",하이브리드 빔포밍 시스템에서 최적 빔을 구성하는 방법 및 장치,정보기술(IT),2024-12-31
21,2016-12-29,10-2016-0181915,2024-10-24,10-2723426,전덕영,"전덕영,이용희,김규남,김소망","퀀텀 로드, 퀀텀 로드 필름 및 퀀텀 로드 표시장치",나노기술(NT),2024-12-31
22,2016-12-16,10-2016-0172529,2024-03-07,10-2646840,성영철,"성영철,이길원",이동통신 시스템에서 스케줄링 방법 및 장치,정보기술(IT),2024-12-31
23,2016-06-27,10-2016-0080448,2024-01-10,10-2624789,정기훈,"정기훈,박정우,장경원,황찬솔,오영재,백현재,조재걸,신재욱",생체 센서 및 생체 센서를 포함하는 전자 장치,생명공학기술(BT),2024-12-31
24,2017-12-29,10-2017-0184524,2024-01-18,10-2628216,조광현,"조광현,황채영",소라페닙 저항성 암 치료 표적으로서의 EDN1의 용도,생명공학기술(BT),2024-12-31
25,2020-03-25,10-2020-0036062,2024-11-28,10-2737492,류승탁,"류승탁,오동렬,김경호",아날로그-디지털 변환기 및 이를 포함하는 반도체 장치,정보기술(IT),2024-12-31
26,2021-11-12,10-2021-0155483,2024-05-13,10-2666613,조규성,"조규성,고길영,최현웅",실리콘 광 증배관 집합체 기반의 다채널 시작 신호 수신기를 포함하는 양전자 소멸 수명 분광 분석 시스템,정보기술(IT),2024-12-31
27,2019-02-22,10-2019-0021112,2024-06-21,10-2678691,야부즈자패르타야르,"야부즈자패르타야르,사라바난,김도윤",비균일계 피리딜 살리실이민 유기촉매 및 이를 이용한 고리형 카보네이트의 제조방법,생명공학기술(BT),2024-12-31
28,2018-06-05,10-2018-0064692,2024-03-19,10-2650109,류승탁,"류승탁,장일훈,서민재,김미영,이재근,백승엽,최병주,고형종",디지털 도메인에서 노이즈 쉐이핑을 수행하도록 구성되는 모듈레이터를 구현하기 위한 전자 회로,정보기술(IT),2024-12-31
29,2018-07-10,10-2018-0080064,2024-02-01,10-2633941,김신현,"김신현,이건호,김종빈,한상훈,정찬울",흡광성 나노입자를 포함하는 광결정 잉크 조성물 및 이를 통해 형성된 광결정 구조체,나노기술(NT),2024-12-31
30,2018-08-20,10-2018-0096548,2024-05-02,10-2664090,김범준,"김범준,김영권,윤홍석,김진성",전도성 고분자 쉘을 지닌 금속 나노입자 및 전도성 박막을 포함하는 전극 및 이들의 제조 방법,정보기술(IT),2024-12-31
31,2018-11-07,10-2018-0136037,2024-05-27,10-2671036,유승협,"유승협,김성연",유기 기상젯 프린터 및 그것을 이용한 유기막 형성 방법,정보기술(IT),2024-12-31
32,2018-08-23,10-2018-0098339,2024-11-04,10-2727565,신진우,"신진우,정종헌",효율적인 신경망 설계를 위한 선택적 합성곱 유닛,나노기술(NT),2024-12-31
33,2018-08-28,10-2018-0101092,2024-07-23,10-2689100,신진우,"신진우,이한국",시간 가변적 예측(anytime prediction)을 위한 얇은 하위 네트워크를 활용하는 방법 및 시스템,정보기술(IT),2024-12-31
34,2019-04-24,10-2019-0047778,2024-11-12,10-2730614,장민석,"장민석,한상준,김신호",광소자 및 그의 제조방법,정보기술(IT),2024-12-31
35,2018-12-05,10-2018-0155497,2024-01-09,10-2624761,최시영,"최시영,이요한","다중-상 액상 조성물, 약물의 투과도 측정 장치 및 약물의 투과도 측정 방법",생명공학기술(BT),2024-12-31
36,2018-12-24,10-2018-0168593,2024-05-02,10-2664009,류승탁,"류승탁,서민재,진동환,김예담,김종팔",리셋을 스킵하는 아날로그 디지털 변환기 및 아날로그 디지털 변환 방법,정보기술(IT),2024-12-31
37,2018-08-30,10-2018-0102513,2024-08-07,10-2694159,손훈,"손훈,황순규,박지호,최상우,구민상,정우진,신은철,권상혁",표시패널의 결함검사장치,나노기술(NT),2024-12-31
38,2018-10-22,10-2018-0125752,2024-08-02,10-2692679,김일두,"김일두,배재형,정지원,김찬훈,윤두영,조수호,송석원,김이현,이은지,최양규,정주아,임재민",마스크 시트 및 그 제조방법,생명공학기술(BT),2024-12-31
39,2018-11-23,10-2018-0146287,2024-05-20,10-2668789,이상엽,"이상엽,유원민,김순철,정해나,김지용",창상치료용 약학조성물,생명공학기술(BT),2024-12-31
40,2018-12-12,10-2018-0159856,2024-12-13,10-2744197,유경식,"유경식,박정훈,진영훈,정영재,박태원",이차원 상 전이 소재를 이용한 디스플레이 소자 및 이의 제조 방법,정보기술(IT),2024-12-31
41,2019-02-27,10-2019-0023268,2024-01-04,10-2622958,최호진,"최호진,한승호",이미지 캡션 자동 생성 시스템 및 방법,정보기술(IT),2024-12-31
42,2018-12-04,10-2018-0154229,2024-03-04,10-2644556,배중면,"배중면,한광우,오지우,최승현,이경문,박정주,박훈모",부생가스를 이용한 수소 제조 시스템 및 제조 방법,정보기술(IT),2024-12-31
43,2018-12-21,10-2018-0167946,2024-02-05,10-2635135,박인철,"박인철,김현호",리드 솔로몬 디코더 및 이를 포함하는 반도체 장치,정보기술(IT),2024-12-31
44,2019-02-27,10-2019-0023386,2024-04-24,10-2661956,류승탁,"류승탁,서민재,김종팔",아날로그 디지털 변환기,정보기술(IT),2024-12-31
45,2019-03-07,10-2019-0026277,2024-12-24,10-2748056,이상국,"이상국,박대웅,우토모 쥬리 라디툐",듀얼 이득 증폭이 가능한 고이득 증폭기,정보기술(IT),2024-12-31
46,2019-05-21,10-2019-0059451,2024-11-05,10-2727995,김주호,"김주호,김현우,고은영,송진영,송재윤,임도연",크라우드 소싱을 이용한 텍스트 기반 대화 내 추가정보 수집방법 및 그를 위한 컴퓨터 프로그램,정보기술(IT),2024-12-31
47,2019-04-15,10-2019-0043718,2024-11-19,10-2733317,문재균,"문재균,박석광,최민수",간섭 보상을 위한 메모리 시스템 및 메모리 시스템의 동작 방법,정보기술(IT),2024-12-31
48,2019-06-24,10-2019-0074869,2024-06-10,10-2674794,전덕영,"전덕영,박선중,조현진,김규남","양자점 발광다이오드, 그 제조 방법 및 양자점 발광표시장치",나노기술(NT),2024-12-31
49,2019-04-25,10-2019-0048161,2024-07-30,10-2691170,윤찬현,"윤찬현,전민수,김성환,주경노,이경채,박상돈",실리콘 포토닉스 기반 인터커넥션 네트워크에서 (SiPh-HCA) 컴퓨팅 호스트 간 고성능 컴퓨팅을 실현하는 유연한 토폴로지 구성 (FlexibleX) 기법과 패킷 제어 기술,정보기술(IT),2024-12-31
50,2022-09-02,10-2022-0111109,2024-12-24,10-2747982,이진우,"이진우,이준상,김문일,주안 아이 레","유기인산 화합물 가수분해효소 모방 다공성 산화세륨 나노자임, 이의 제조방법, 이를 포함하는 유기인산 화합물용 검출용 센서 및 이를 이용한 유기인산 화합물의 검출 방법",생명공학기술(BT),2024-12-31
51,2019-05-03,10-2019-0052524,2024-06-12,10-2675806,김문철,"김문철,최재석,김용우,이현승,이천,문영수",영상 처리 장치 및 그 영상 처리 방법,정보기술(IT),2024-12-31
52,2019-06-10,10-2019-0068025,2024-06-28,10-2680850,박영진,"박영진,김영석,유정근,조문환,김중관,이명옥,이강덕",차량 및 차량의 제어방법,정보기술(IT),2024-12-31
53,2019-06-17,10-2019-0071776,2024-03-20,10-2651124,이봉재,"이봉재,이응창,강희엽,오영록,양해정,이기택",반도체 패키지 및 반도체 장치,정보기술(IT),2024-12-31
54,2020-02-11,10-2020-0016502,2024-11-28,10-2737794,이해신,"이해신,심휘수",수용성 카테킨 복합체 및 이를 포함하는 아토피 질환 예방 또는 치료용 조성물,생명공학기술(BT),2024-12-31
55,2020-12-15,10-2020-0175723,2024-10-14,10-2718918,윤세영,"윤세영,김상묵",분산 딥러닝 시스템에서 딥러닝 모델의 학습 방법 및 장치,정보기술(IT),2024-12-31
56,2020-03-05,10-2020-0027602,2024-03-14,10-2649010,안승영,"안승영,김기범,김장열,조인귀,이현준,이재우,김상원,김성민,문정익,박우천,이호진,윤재훈,장동원",RF 미소 자계 검출 센서 및 그 제조 방법,정보기술(IT),2024-12-31
57,2020-01-17,10-2020-0006427,2024-04-01,10-2654851,이재우,"이재우,김보라,김민지",물-용매 이성분계 시스템을 이용한 폐커피로부터 플랫폼 케미컬 및 지방산의 동시 제조방법,생명공학기술(BT),2024-12-31
58,2021-07-14,10-2021-0092412,2024-12-02,10-2738690,전원주,"전원주,김지완,최은지",멀티 스케일 차음 시스템,나노기술(NT),2024-12-31
59,2020-02-06,10-2020-0014232,2024-05-17,10-2668208,하정석,"하정석,김명인,오지은","LDPC 디코더, LDPC 디코더의 동작 방법 및 반도체 메모리 시스템",정보기술(IT),2024-12-31
60,2021-06-03,10-2021-0072288,2024-07-24,10-2689573,주영석,"주영석,박성열,이기종,김영태","흉선종의 진단, 예방, 또는 치료용 조성물",생명공학기술(BT),2024-12-31
61,2020-12-28,10-2020-0184496,2024-04-02,10-2655316,경기욱,"경기욱,김현우",불균일 공간 전하층과 유전성 유체를 이용한 주머니 형태의 유연 구동기,나노기술(NT),2024-12-31
62,2020-03-27,10-2020-0037872,2024-10-07,10-2716444,조성환,"조성환,이혁진,서진오",MAC 연산 동작을 수행하는 비휘발성 메모리 장치,정보기술(IT),2024-12-31
63,2021-05-26,10-2021-0067800,2024-10-02,10-2714887,문건우,"문건우,김재상,이민수,최승현,김건우",작은 공통모드 노이즈 특성을 갖는 정전압 포인트와 연결된 변압기 기반의 LLC 공진형 컨버터,정보기술(IT),2024-12-31
64,2020-10-21,10-2020-0136782,2024-05-03,10-2664730,정원석,"정원석,이준혁",신경교세포에 의한 식작용 모니터링용 재조합 리포터 벡터 구조체 및 이의 용도,생명공학기술(BT),2024-12-31
65,2022-10-13,10-2022-0131773,2024-06-10,10-2675083,최정우,"최정우,이동헌",마이크로폰 어레이를 이용한 야외 잡음 제거 장치 및 방법,정보기술(IT),2024-12-31
66,2021-01-19,10-2021-0007201,2024-03-04,10-2644811,박효훈,"박효훈,유종범,유동은,이주범,김인기,석태준,강금봉,윤현호,권남현",MEMS 광 스위치를 활용하는 광 위상 배열 칩 및 그 제조 방법,정보기술(IT),2024-12-31
67,2020-07-16,10-2020-0088039,2024-08-21,10-2699180,최양규,"최양규,초일웅",접촉 대전 발전 장치,정보기술(IT),2024-12-31
68,2020-11-09,10-2020-0148873,2024-12-19,10-2746129,최양규,"최양규,이건범,윤경준","바이리스터 소자, 그 제조 방법, 및 바이리스터 소자를 포함하는 휘발성 메모리 장치",정보기술(IT),2024-12-31
69,2020-12-21,10-2020-0179639,2024-10-14,10-2718912,윤세영,"윤세영,유형준,김상묵,김성윤,오재훈",메타 학습 모델의 업데이트 방법 및 장치,정보기술(IT),2024-12-31
70,2021-08-18,10-2021-0108463,2024-05-13,10-2666632,김상현,"김상현,금대명,박주혁,백우진",효율 향상을 위한 측벽 패시베이션층을 갖는 마이크로 발광 다이오드 소자와 그의 제조 방법 및 그를 포함하는 디스플레이,정보기술(IT),2024-12-31
71,2021-03-22,10-2021-0036341,2024-01-10,10-2625169,박지호,"박지호,오찬희,김현직",흡입전달용 인터페론 단백질 탑재 폐 계면활성제 나노입자 및 이의 제조방법,생명공학기술(BT),2024-12-31
72,2020-11-25,10-2020-0159628,2024-05-13,10-2666670,김명호,"김명호,이광희","그룹 레이블링 학습에서 뉴럴 네트워크 기반 효과적인 임베딩 벡터 생성 및 이를 이용한 레이블 예측 방법, 장치 및 그 예측 모델에서의 학습 방법",정보기술(IT),2024-12-31
73,2021-06-28,10-2021-0083859,2024-05-24,10-2668799,이현주,"이현주,강필웅",전기화학 반응 장치 및 전기화학 반응 방법,생명공학기술(BT),2024-12-31
74,2023-01-04,10-2023-7000423,2024-07-04,10-2683326,금승원,"금승원,조동호,이주용,김당오,김성재,노상미,정재훈,이상림",무선 통신 시스템에서 위상 잡음의 추정 방법 및 그 장치,정보기술(IT),2024-12-31
75,2021-05-26,10-2021-0067487,2024-04-04,10-2656104,정명수,"정명수,정영종",비휘발성 메모리 제어 장치 및 비휘발성 메모리 장치,정보기술(IT),2024-12-31
76,2020-12-09,10-2020-0171206,2024-03-04,10-2644841,예종철,"예종철,허재영,SHUJAAT KHAN",비지도 학습 기반 단일 뉴럴 네트워크를 이용한 다중 초음파 영상 처리 방법 및 그 장치,정보기술(IT),2024-12-31
77,2020-09-02,10-2020-0111355,2024-05-20,10-2668508,이흥규,"이흥규,김채원",고염식 환경에서의 뇌종양 진단용 조성물,생명공학기술(BT),2024-12-31
78,2021-11-04,10-2021-0150260,2024-02-28,10-2643392,김상욱,"김상욱,남윤성,임준원,이길용,김인수,육종민,최희재",항바이러스 소재,생명공학기술(BT),2024-12-31
79,2020-12-24,10-2020-0183087,2024-04-23,10-2661294,이상엽,"이상엽,한태희",글루타르산 수송체 유전자가 도입된 재조합 미생물 및 이를 이용한 글루타르산의 제조방법,생명공학기술(BT),2024-12-31
80,2020-11-11,10-2020-0150363,2024-11-29,10-2738365,이현주,"이현주,전순서,송규호,노치우,김길호",음이온 교환막 수전해용 산화 전극,나노기술(NT),2024-12-31
81,2021-06-14,10-2021-0077060,2024-06-21,10-2678740,김진우,"김진우,이은정","Prox1 기능 억제제를 유효성분으로 포함하는, 망막신경 퇴행성 질환의 예방 또는 치료용 약학적 조성물",생명공학기술(BT),2024-12-31
82,2020-12-16,10-2020-0176633,2024-01-18,10-2628495,양용수,"양용수,이주혁,정채화",나노 입자의 3차원 원자 단위 구조 결정 장치 및 그 결정 방법,정보기술(IT),2024-12-31
83,2021-04-01,10-2021-0042701,2024-09-23,10-2710668,유지환,"유지환,백승준,김도형,성현석,장재형",상지 회전유도장치,나노기술(NT),2024-12-31
84,2021-10-21,10-2021-0140868,2024-05-22,10-2669414,유지환,"유지환,정상구",성장형 소프트로봇,나노기술(NT),2024-12-31
85,2021-02-19,10-2021-0022529,2024-09-20,10-2710006,제민규,"제민규,권순재,하소명,이정은,천송이,최인준,최재석,박예찬",임피던스 측정 장치,정보기술(IT),2024-12-31
86,2021-04-30,10-2021-0056453,2024-07-29,10-2690857,김학성,"김학성,김동건,김동건,차정석,김의진,김다솜,유태근",제2형 중증급성호흡기증후군 코로나바이러스의 수용체 결합 도메인 (SARS-CoV2 RBD)에 선택적으로 결합하는 신규한 폴리펩티드 및 이의 용도,생명공학기술(BT),2024-12-31
87,2021-04-16,10-2021-0049870,2024-12-18,10-2746024,조병진,"조병진,정재중,김민주",공중합체 기반 저전력 유연 저항 변화 메모리 소자,정보기술(IT),2024-12-31
88,2021-01-04,10-2021-0000333,2024-01-31,10-2633470,공경철,"공경철,김태연,우한승,김형준,정민구",착용형 보조장치,나노기술(NT),2024-12-31
89,2021-07-23,10-2021-0097256,2024-04-22,10-2661028,홍성철,"홍성철,한가원",안테나 서브 어레이들을 포함하는 다중입력 다중출력 레이다 장치 및 이의 동작 방법,정보기술(IT),2024-12-31
90,2020-12-24,10-2020-0183097,2024-02-28,10-2643598,배두환,"배두환,현상원",패턴 기반 SoS 내 실패 유발 상호작용 분석 방법 및 장치,정보기술(IT),2024-12-31
91,2021-03-03,10-2021-0028056,2024-05-24,10-2670516,하정석,"하정석,정현우",표면 부호의 기계학습 기반 복호 방법 및 그 장치,정보기술(IT),2024-12-31
92,2021-01-22,10-2021-0009214,2024-04-23,10-2661295,김호민,"김호민,김도균,류지간,서준규,윤국남,김호민","탈당화된 LRG1 당단백질 및 LRG1 당단백질 변이체, 및 이의 용도",생명공학기술(BT),2024-12-31
93,2020-12-28,10-2020-0184994,2024-04-22,10-2660740,우운택,"우운택,박갑용,김태균",도메인 전이학습을 통한 적외선 카메라 기반의 손 자세 추정 방법 및 시스템,정보기술(IT),2024-12-31
94,2021-07-07,10-2021-0089226,2024-05-29,10-2671669,이봉재,"이봉재,최민우,송재만",두 물질 표면 사이의 복사열전달 측정방법 및 장치,나노기술(NT),2024-12-31
95,2021-04-29,10-2021-0055735,2024-02-26,10-2642509,임성갑,"임성갑,오명석,전민규",화학기상 증착공정을 이용한 고신축성 초소수성 박막 및 그 제조방법,나노기술(NT),2024-12-31
96,2020-11-09,10-2020-0148722,2024-04-02,10-2655328,이상국,"이상국,조준호,기욤,한석균",전기적 신호 입력에 따른 발열 응답을 이용한 전기화학 소자의 엔트로피 추출 방법 및 장치,정보기술(IT),2024-12-31
97,2020-12-14,10-2020-0174650,2024-04-23,10-2661204,이동만,"이동만,현순주,이승호,장시영",모바일 비디오 카메라 네트워크를 위한 커버리지 최대화 방법,정보기술(IT),2024-12-31
98,2021-07-05,10-2021-0087649,2024-08-22,10-2699538,이흥규,"이흥규,권명준,유인재,남승훈,이흥규",DCT 공간 정보에 기초한 조작 이미지 판별 장치 및 방법,정보기술(IT),2024-12-31
99,2021-11-30,10-2021-0168418,2024-05-03,10-2664706,우운택,"우운택,전진우",고차원 특징 구성을 위한 네트워크 기반 모바일 슬램 시스템 및 그 동작 방법,정보기술(IT),2024-12-31
100,2021-04-06,10-2021-0044649,2024-01-19,10-2629049,권태혁,"권태혁,한결","기계학습 기반의 균열신호 분류 방법, 이를 구현한 실시간 균열신호 감지 장치",나노기술(NT),2024-12-31
101,2021-07-28,10-2021-0099314,2024-05-20,10-2668654,정기훈,"정기훈,강병훈,유은실","박막 미세유체칩, 이를 포함하는 중합효소연쇄반응 장치 및 중합효소연쇄반응 장치를 이용한 중합효소연쇄반응 방법",생명공학기술(BT),2024-12-31
102,2021-04-23,10-2021-0053010,2024-01-16,10-2627325,정우철,"정우철,김일두,김상우,정지원",아연-공기 전지의 전극 촉매의 제조 방법,나노기술(NT),2024-12-31
103,2020-12-07,10-2020-0169771,2024-01-09,10-2624590,정성윤,"정성윤,안지상,이해승","유전체 세라믹, 이의 제조 방법, 및 이를 포함하는 적층형 전자 부품",나노기술(NT),2024-12-31
104,2021-04-15,10-2021-0049085,2024-08-28,10-2701561,전상훈,전상훈,삼중 구조를 갖는 셀 및 이를 포함하는 소자,정보기술(IT),2024-12-31
105,2020-12-21,10-2020-0179620,2024-03-08,10-2647224,이재길,"이재길,강준혁,김민석,이재연",딥 러닝을 위한 이동 경로 임베딩 방법 및 이를 이용한 이동 경로 예측 방법,정보기술(IT),2024-12-31
106,2021-10-13,10-2021-0136025,2024-11-11,10-2730272,조병진,"조병진,김민주,신의중,정재중",전하포획형 비휘발성 유기 메모리 소자,정보기술(IT),2024-12-31
107,2021-04-06,10-2021-0044880,2024-05-07,10-2665482,전상용,"전상용,정찬호,정원식","로즈마린산 유도체, 로즈마린산-유래 입자 및 이를 포함하는 염증성 질환 치료용 조성물",생명공학기술(BT),2024-12-31
108,2022-04-13,10-2022-0045462,2024-12-13,10-2744353,유경식,"유경식,한상윤,유재석",실리콘 포토닉 링 공진기 및 캔틸레버 구조에 기반한 초음파 센서 및 그 제어 방법 ,정보기술(IT),2024-12-31
109,2021-05-21,10-2021-0065522,2024-07-29,10-2690597,정기훈,"정기훈,장경원,강병훈,차영길",마이크로렌즈 어레이 기반 초박형 현미경,생명공학기술(BT),2024-12-31
110,2020-12-21,10-2020-0180062,2024-05-20,10-2668790,박현규,"박현규,김문일,이진우,이서영,퐁 티 누잉,트룽 휴 부,이준상","콜레스테롤 산화효소, 루미놀 및 과산화효소 모사 나노구조체를 포함하는 복합체 및 이의 용도",생명공학기술(BT),2024-12-31
111,2021-10-26,10-2021-0143831,2024-11-27,10-2736822,유승협,"유승협,라자카누팔라니사미,김형석,이우찬","유기금속 착화합물, 발광 소자 및 전자 장치",환경/에너지기술(ET),2024-12-31
112,2021-04-07,10-2021-0045238,2024-09-20,10-2709580,정상권,"정상권,김경중",장력을 이용하여 고압 액체를 생성하는 극저온 왕복동 펌프 및 이의 동작 방법,나노기술(NT),2024-12-31
113,2021-03-17,10-2021-0034941,2024-02-28,10-2643366,서재명,"서재명,김광은,이현우,박이삭",세포 내 분비단백질의 위치 정보를 제공하는 방법,생명공학기술(BT),2024-12-31
114,2021-09-08,10-2021-0119872,2024-11-07,10-2729020,심현철,"심현철,이대규,김현지",3차원 포인트 클라우드 맵을 이용한 차선 레벨 지도 구축 방법 및 시스템,정보기술(IT),2024-12-31
115,2021-04-30,10-2021-0056630,2024-05-13,10-2666631,최준일,"최준일,차지훈",지도 학습을 활용한 무선 인체 통신망에서의 온오프 변조 심볼 검출 방법 및 그 시스템,정보기술(IT),2024-12-31
116,2022-04-21,10-2022-0049538,2024-12-31,10-2750447,방효충,"방효충,심태민,아샤드 무함마드 어웨이스,마린 미카앨","무인 항공기용 뉴럴 네트워크 시스템, 이를 포함하는 무인 항공기 제어 시스템 및 이를 이용한 무인 항공기 제어 방법",정보기술(IT),2024-12-31
117,2021-01-25,10-2021-0010336,2024-05-24,10-2670493,김성진,"김성진,김서영,박성훈,장동현,김우경",방호복용 냉난방 시스템,정보기술(IT),2024-12-31
118,2021-10-27,10-2021-0144185,2024-04-22,10-2660946,윤국진,"윤국진,류권영,이강일,조제경",카메라와 라이다를 이용한 정밀한 깊이 정보 추정 시스템 및 그 방법,정보기술(IT),2024-12-31
119,2021-03-30,10-2021-0040929,2024-06-10,10-2674913,최한림,"최한림,김도운,이우철",디지털 고도 맵을 이용한 레이다 추적의 보정 방법 및 장치,나노기술(NT),2024-12-31
120,2021-04-16,10-2021-0049779,2024-05-21,10-2668919,강병훈,"강병훈,이승엽,임창일",네트워크에 연결된 시스템의 보안을 위한 프로토콜 다이얼렉트 기법,정보기술(IT),2024-12-31
121,2021-05-14,10-2021-0062470,2024-01-15,10-2626760,김범준,"김범준,박진수",유기 태양전지용 고분자 공여체 및 이를 포함하는 유기 태양전지,생명공학기술(BT),2024-12-31
122,2021-06-30,10-2021-0085949,2024-08-30,10-2703014,방효충,"방효충,김태영",센서 고장 및 동적 환경에 강건한 레이다 항법 교정 방법 및 그를 위한 장치,정보기술(IT),2024-12-31
123,2021-05-10,10-2021-0060310,2024-03-07,10-2646857,김재홍,"김재홍,한성호,전유빈",알칸올 아민을 활용한 시멘트 조성물의 양생 방법,나노기술(NT),2024-12-31
124,2021-06-10,10-2021-0075271,2024-04-03,10-2655547,김상욱,"김상욱,정홍주,최희재",광열변환 탄소소재를 포함하는 자가세정 필터 및 이의 세정 방법.,나노기술(NT),2024-12-31
125,2021-04-13,10-2021-0047869,2024-02-28,10-2643367,서재명,"서재명,김광은,이현우,박이삭",조직 특이적 분비단백질의 위치 정보를 제공하는 방법 및 이의 응용,생명공학기술(BT),2024-12-31
126,2021-04-15,10-2021-0049439,2024-08-12,10-2695760,유경식,"유경식,손경호,정영재",아디아바틱 결합을 이용한 광 통신용 인터페이스 및 광섬유 테이퍼 제조 방법,정보기술(IT),2024-12-31
127,2021-06-30,10-2021-0085948,2024-10-22,10-2722330,방효충,"방효충,권혁준",통합 항법 기반의 레이다 자세 추정 방법 및 그를 위한 장치,나노기술(NT),2024-12-31
128,2021-03-03,10-2021-0027981,2024-05-22,10-2669448,이준구,"이준구,김창준,박경덕",양자회로 에러 보정 방법 및 그 장치,정보기술(IT),2024-12-31
129,2021-12-29,10-2021-0190889,2024-12-11,10-2743221,김신현,"김신현,한상훈,최예훈",유멜라닌 나노입자를 이용한 광결정 구조체 ,나노기술(NT),2024-12-31
130,2021-09-01,10-2021-0116339,2024-07-30,10-2691563,김신현,"김신현,김종빈,한상훈",구조색 구조체 직접인쇄용 잉크 조성물 및 이를 이용한 구조색 구조체 제조방법,생명공학기술(BT),2024-12-31
131,2022-04-14,10-2022-0046532,2024-04-16,10-2659355,이승섭,"이승섭,정지훈,채지환,이정우",공기 정화 장치,나노기술(NT),2024-12-31
132,2021-06-22,10-2021-0081129,2024-02-01,10-2634153,배충식,"배충식,김우영,김현수","열효율 향상을 위한 피스톤 보울 형상을 가지는 반응성제어 압축착화 엔진, 이를 포함하는 엔진 시스템 및 이를 제어하는 방법",나노기술(NT),2024-12-31
133,2021-04-27,10-2021-0054296,2024-02-28,10-2643592,최준균,"최준균,이경호,한재섭",에지 컴퓨팅 환경에서의 IoT 누락데이터 관리 방법 및 장치,정보기술(IT),2024-12-31
134,2021-08-13,10-2021-0107628,2024-01-02,10-2621234,이현주,"이현주,김범식",알루미나 상에 담지된 나노-세리아의 구조 변형을 통한 황 피독 저항성 개선방법,생명공학기술(BT),2024-12-31
135,2021-07-08,10-2021-0089890,2024-04-02,10-2655213,공승현,"공승현,백동희,한승태",4차원 레이더의 포인트 클라우드 필터링 방법 및 데이터 처리 장치,정보기술(IT),2024-12-31
136,2021-12-29,10-2021-0190639,2024-07-18,10-2687744,손훈,"손훈,장진호",장단기 기억 네트워크 기반 스펙트럼 노이즈 감소 및 비선형 초음파 변조를 이용한 구조물의 피로 균열 검출 방법 및 이를 위한 시스템,나노기술(NT),2024-12-31
137,2021-06-21,10-2021-0080089,2024-01-02,10-2621744,최양규,"최양규,한준규",빛에 반응하는 뉴런 소자를 구현하는 트랜지스터,정보기술(IT),2024-12-31
138,2021-04-12,10-2021-0047071,2024-07-29,10-2690859,박현규,"박현규,김성현,주용,정희선",과산화효소 활성에 의한 발색반응 기반의 하이포잔틴 검출방법,생명공학기술(BT),2024-12-31
139,2021-07-07,10-2021-0089290,2024-07-24,10-2689375,구승범,"구승범,오정석,부준요",다방향 엑스선 영상을 이용한 영상 내 골격 추정 장치 및 방법,정보기술(IT),2024-12-31
140,2021-04-22,10-2021-0052601,2024-02-13,10-2637690,안드리아,"안드리아,유능,이우진,김명진",유연한 물체의 동적 촉감 피드백을 구현하는 장치 및 방법,정보기술(IT),2024-12-31
141,2021-07-27,10-2021-0098217,2024-11-12,10-2730875,조승룡,"조승룡,조환희,이동현",서로 다른 공간 해상도를 갖는 방사선 영상을 위한 영상 업샘플링 방법 및 물질 분별 방법 ,정보기술(IT),2024-12-31
142,2021-05-21,10-2021-0065584,2024-01-18,10-2628179,전상훈,"전상훈,김기욱","3차원 구조 메모리, 이의 동작 방법 및 이의 제조 방법",정보기술(IT),2024-12-31
143,2021-09-27,10-2021-0126837,2024-04-02,10-2655202,전상훈,"전상훈,황정현",강유전체 전계효과 트랜지스터 기반의 비휘발성 다수결 함수 로직-인-메모리,정보기술(IT),2024-12-31
144,2021-05-28,10-2021-0068818,2024-06-21,10-2678475,김아영,"김아영,장혜수",음파와 광학 매칭을 통한 수중 경로 추정을 위한 전자 장치 및 그의 동작 방법,정보기술(IT),2024-12-31
145,2021-07-14,10-2021-0092055,2024-12-05,10-2740997,정기준,"정기준,전은정",고효율 분비능을 가지는 합성 분비 신호 펩타이드 및 이를 포함하는 분비 발현 시스템,생명공학기술(BT),2024-12-31
146,2021-10-19,10-2021-0139395,2024-04-23,10-2661332,정우철,"정우철,이시원,김승현",백금 나노입자-금속 산화물 복합체의 제조 방법,생명공학기술(BT),2024-12-31
147,2021-10-13,10-2021-0135583,2024-04-02,10-2655333,배현민,"배현민,오석환,김명기",초음파 데이터를 이용한 다변수 정량적 이미징 방법 및 장치,정보기술(IT),2024-12-31
148,2021-08-31,10-2021-0115900,2024-02-28,10-2643431,유회준,"유회준,이주형",심층 강화학습을 위한 심층 신경망 학습 가속 장치 및 그 방법,정보기술(IT),2024-12-31
149,2021-06-07,10-2021-0073680,2024-03-19,10-2650643,서재명,"서재명,유권,이규선,김송철,염은별,전은성,신혜미",인슐린 유사 펩티드 3을 포함하는 조성물 및 이의 용도,생명공학기술(BT),2024-12-31
150,2021-04-15,10-2021-0049267,2024-12-24,10-2748228,예종철,"예종철,구자욱,양동현",의료영상 처리 장치와 그 의료영상 학습 방법 및 의료영상 처리 방법,정보기술(IT),2024-12-31
151,2021-12-01,10-2021-0170296,2024-10-15,10-2719657,김형수,"김형수,박광석,편정수,전혜준",무소결 액체금속 잉크의 제조방법,나노기술(NT),2024-12-31
152,2021-08-31,10-2021-0115775,2024-10-28,10-2724307,조병관,"조병관,김동립,진상락,전예일,전민수",황화 카드뮴 나노 입자가 부착된 균주 및 이를 이용한 인공 광합성 시스템,생명공학기술(BT),2024-12-31
153,2021-11-12,10-2021-0155437,2024-08-14,10-2696758,송준화,"송준화,김원중,이승철,장영재,이태경,황인석","사물 인터넷 장치의 사회적 제어 및 사용 시스템 및 방법, 사물 인터넷 장치의 사회적 제어 및 사용을 지원하는 컨트롤 서버 및 사물 인터넷 장치의 사회적 제어 및 사용에 이용되는 모바일 장치",정보기술(IT),2024-12-31
154,2021-06-28,10-2021-0083682,2024-08-06,10-2693961,윤성의,"윤성의,조인영,곽치우",광선 추적법의 노이즈 제거를 위한 약한 지도 학습 기반 광선 클러스터링 학습 방법,정보기술(IT),2024-12-31
155,2021-09-14,10-2021-0122684,2024-11-22,10-2735258,김천곤,"김천곤,장우혁,장민수,진도현",샌드위치 구조의 전자파 흡수체를 갖는 스텔스 안테나,나노기술(NT),2024-12-31
156,2021-10-25,10-2021-0142737,2024-12-03,10-2739899,최길주,"최길주,DUC LE DUY,김우현,임수환,김선창",진세노사이드 생합성에 관여하는 신규 당전이효소 및 그 용도,생명공학기술(BT),2024-12-31
157,2021-06-10,10-2021-0075626,2024-01-29,10-2632513,권동수,"권동수,백현우",초소형 유연 수술도구의 멀티 루멘 튜브 장치,나노기술(NT),2024-12-31
158,2021-06-10,10-2021-0075609,2024-01-29,10-2632525,권동수,"권동수,백현우",초소형 유연 수술도구의 와이어 분배 장치,나노기술(NT),2024-12-31
159,2021-07-01,10-2021-0086567,2024-05-23,10-2670143,서성배,"서성배,김진은,김유진,정원교",신경세포 활성의 인 비보 이미징 기법을 이용한 새로운 약물 스크리닝 플랫폼 기술 ,생명공학기술(BT),2024-12-31
160,2021-06-16,10-2021-0077837,2024-07-02,10-2682206,김성진,"김성진,이영종,임종현",진동형 히트 파이프 기반 배터리 냉각 모듈 및 이를 포함하는 배터리 유닛,나노기술(NT),2024-12-31
161,2022-01-13,10-2022-0005216,2024-10-07,10-2716161,안승영,"안승영,이재원,안장용,박동렬,김동욱,이범선",무선전력 전송을 이용한 마이크로 로봇 추진 시스템,정보기술(IT),2024-12-31
162,2021-06-23,10-2021-0081347,2024-08-06,10-2693960,이상완,"이상완,박건영",적대적 공격에 강건한 신경망 학습을 위한 은닉 섭동 기반 가속화 방법 및 장치,정보기술(IT),2024-12-31
163,2021-11-24,10-2021-0163786,2024-01-03,10-2622257,김정원,"김정원,권도현","칩-스케일 광주파수빗의 주파수 안정화 방법 및 장치, 이를 이용한 안정화된 광주파수빗 제공 시스템",정보기술(IT),2024-12-31
164,2021-07-28,10-2021-0099436,2024-09-25,10-2711803,김택수,"김택수,안광호,표재범,김지훈,윤현철,서우근,이지은,송하나,백인영",마이크로카테터 및 마이크로카테터 시스템,나노기술(NT),2024-12-31
165,2022-03-15,10-2022-0032304,2024-08-13,10-2696443,공승현,"공승현,조상재,이상욱 ",이산적 시변 주파수를 가지는 가변 이진 오프셋 반송파 변조 방법 및 이를 이용하는 위성항법 신호 생성 장치,정보기술(IT),2024-12-31
166,2021-10-18,10-2021-0138241,2024-07-29,10-2690861,이상엽,"이상엽,임정애,장유신,성현정,윤예린,이행림",로그기에서 부탄올을 생산하는 클로스트리듐 균주,생명공학기술(BT),2024-12-31
167,2021-07-08,10-2021-0089419,2024-04-02,10-2655200,장재범,"장재범,윤영규,서준영,심연보",반복색분리를 통한 분자 다중 이미징 방법 및 장치,정보기술(IT),2024-12-31
168,2021-07-09,10-2021-0090057,2024-01-18,10-2628182,장재범,"장재범,윤영규,서준영,심연보,김지원",상호정보량 최소화를 통한 다색 분리 방법 및 장치,정보기술(IT),2024-12-31
169,2021-12-03,10-2021-0171431,2024-10-14,10-2718966,장재범,"장재범,서준영,윤영규,김현우,김지원",동시적 채널 업데이트 구조의 반복 상호정보량 최소화를 통한 다색 분리 방법 및 장치,정보기술(IT),2024-12-31
170,2021-12-24,10-2021-0187647,2024-07-16,10-2686707,조규성,"조규성,김준혁,황지성,김진환",고스트 이미지 획득 방법 및 이를 이용한 전자 장치,정보기술(IT),2024-12-31
171,2021-09-01,10-2021-0116487,2024-04-22,10-2660787,이강택,"이강택,김경준",고체산화물 연료전지용 LSCFP계 전극 소재 및 제조방법 ,환경/에너지기술(ET),2024-12-31
172,2021-12-01,10-2021-0170224,2024-07-04,10-2683186,전석우,"전석우,함영진","유기계 활물질을 포함하는 정렬된 3차원 다공성 나노네트워크 전극, 이의 제조 방법 및 이를 포함하는 이차 전지",나노기술(NT),2024-12-31
173,2021-11-24,10-2021-0163466,2024-01-10,10-2624791,최벽파,"최벽파,유보령,최원석,임수란,심철용",고온용 고엔트로피합금 및 제조방법,우주항공기술(ST),2024-12-31
174,2021-11-30,10-2021-0167887,2024-12-24,10-2748168,윤태성,"윤태성,남정언",유인기와 무인기로 구성된 복합 체계의 최적 임무 결정을 위한 컴퓨터 장치 및 그의 방법,정보기술(IT),2024-12-31
175,2021-08-18,10-2021-0108835,2024-03-26,10-2653004,홍정욱,"홍정욱,진수영,김선우",비정규 상태기반 페리다이나믹스와 디지털 이미지 상관법을 이용한 불연속 영역을 포함하는 구조물의 변위장 및 응력장 측정방법,정보기술(IT),2024-12-31
176,2021-07-13,10-2021-0091418,2024-04-22,10-2660736,강병훈,"강병훈,송치현,김건우",신뢰실행환경(TEE)에서 안전하게 가속기로 연산을 오프로딩하는 기법,정보기술(IT),2024-12-31
177,2021-08-24,10-2021-0111482,2024-07-31,10-2691965,김성수,"김성수,정재문,강다정,정광일,임수현",샌드위치 구조의 SMPC 굽힘 액추에이터,우주항공기술(ST),2024-12-31
178,2021-11-25,10-2021-0164445,2024-05-13,10-2666929,정상권,"정상권,김경중",냉각보조용 실린더구조를 갖는 극저온 액체 왕복동 펌프,정보기술(IT),2024-12-31
179,2021-11-11,10-2021-0154532,2024-09-20,10-2709692,홍성철,"홍성철,이규하",이중 대역 매칭 네트워크 회로 및 이를 포함하는 이중 대역 스위치,정보기술(IT),2024-12-31
180,2021-08-12,10-2021-0106800,2024-06-21,10-2678485,최준일,"최준일,김수철,이형택,차지훈",저복잡도를 갖는 지능형 반사 표면에서의 최적 위상 변이 조절 방법 및 장치,정보기술(IT),2024-12-31
181,2022-02-21,10-2022-0021916,2024-01-31,10-2633513,전상훈,"전상훈,이상호",강유전체 기반 메모리 소자 및 그 제조 방법,나노기술(NT),2024-12-31
182,2021-09-24,10-2021-0126696,2024-04-15,10-2658912,유회준,"유회준,김소연",도메인별 최적화를 위한 생성 신경망의 에너지 효율적인 재학습 방법,정보기술(IT),2024-12-31
183,2021-12-13,10-2021-0178093,2024-05-13,10-2666994,유종원,"유종원,조현영,안병권,이찬희",낮은 측엽 레벨을 가지는 배열 안테나 ,정보기술(IT),2024-12-31
184,2021-06-15,10-2021-0077401,2024-08-06,10-2694020,예종철,"예종철,정형진,오규택,박상준,김보아,김정솔",변환기와 연합 분리 학습을 이용한 태스크 범용적 영상 처리 방법 및 그 시스템,정보기술(IT),2024-12-31
185,2022-01-11,10-2022-0003941,2024-12-24,10-2748090,배병수,"배병수,이융",전 방향 신축성을 갖는 섬유 강화 복합체 필름 및 그 제조방법,나노기술(NT),2024-12-31
186,2021-07-08,10-2021-0089616,2024-05-27,10-2670635,박기수,"박기수,박상하,정시온",코일형 동축 열전대 장치 및 그 제조 방법,우주항공기술(ST),2024-12-31
187,2021-10-01,10-2021-0131106,2024-05-31,10-2672770,홍성철,"홍성철,한가원",안테나 서브 어레이들을 포함하는 다중입력 다중출력 레이다 장치 및 이의 동작 방법,정보기술(IT),2024-12-31
188,2021-08-11,10-2021-0106212,2024-11-07,10-2729269,김주호,"김주호,멍시아,홍지형,Mehmet Hamza Erol,Yankun Zhao",교수자 피드백을 활용한 온라인 영어 튜터링 학습 이력 성찰용 인터랙티브 시각화　방법 및 시스템,정보기술(IT),2024-12-31
189,2021-08-13,10-2021-0107379,2024-06-21,10-2678651,황유진,"황유진,김성훈,박용석,김준태","동맥압 웨이블릿 변환 기반 저혈압을 예측하기 위한 장치, 방법 및 이의 저혈압 예측 모델 학습 방법",생명공학기술(BT),2024-12-31
190,2021-06-14,10-2021-0076585,2024-10-24,10-2723171,신의철,"신의철,최승진",신규한 코로나 바이러스의 에피토프 및 이의 용도,생명공학기술(BT),2024-12-31
191,2021-07-07,10-2021-0089224,2024-01-10,10-2625829,김산하,"김산하,강석경,김성재,정지훈",수직으로 정렬된 탄소나노튜브를 이용한 고정-연마재 패드 및 제작 방법,나노기술(NT),2024-12-31
192,2021-11-30,10-2021-0168043,2024-01-08,10-2624192,제민규,"제민규,윤동현,이병석,김근회,구자혁,심훈기",프리차지 방법 및 이를 이용하는 프리차지 회로 ,환경/에너지기술(ET),2024-12-31
193,2021-06-14,10-2021-0076760,2024-07-29,10-2690858,이상엽,"이상엽,방준호,황창훈,안정호,이종언",이산화탄소와 개미산만으로 성장 가능한 재조합 미생물 및 상기 재조합 미생물을 이용하여 유용물질을 제조하는 방법,생명공학기술(BT),2024-12-31
194,2021-12-22,10-2021-0184730,2024-10-15,10-2719332,신영수,"신영수,권용휘,정기윤",반도체 소자에서의 전압 강하 예측 방법 및 장치,정보기술(IT),2024-12-31
195,2021-08-11,10-2021-0106202,2024-01-03,10-2622067,김주호,"김주호,홍지형,멍시아",대화 전사 자료를 이용한 영어 회화 능력 분석 방법 및 시스템,정보기술(IT),2024-12-31
196,2021-07-20,10-2021-0095105,2024-12-24,10-2748167,장재범,"장재범,심주은",핵산을 매개로 한 패턴 복제 및 이를 이용한 이차원 재료 제작 방법,나노기술(NT),2024-12-31
197,2021-10-15,10-2021-0137414,2024-11-13,10-2731668,제민규,"제민규,권순재,김영인,최인준",신경 신호 기록 회로,정보기술(IT),2024-12-31
198,2021-11-23,10-2021-0162619,2024-08-07,10-2694358,최한림,"최한림,김석우,김석우",랜덤 바람에 대한 가속도 시뮬레이션을 이용한 비행체의 실시간 바람 추정 방법 및 장치,나노기술(NT),2024-12-31
199,2021-12-09,10-2021-0175762,2024-04-26,10-2662668,김주호,"김주호,김현우",대화 스크립트에의 컨텍스트 정보 레이블링 장치 및 방법,정보기술(IT),2024-12-31
200,2021-07-20,10-2021-0094704,2024-01-03,10-2622042,유승협,"유승협,김수본,김태현,문한얼",3차원 형상을 갖는 단단한 아일랜드 패턴을 이용한 신축성 전자 소자 플랫폼 및 그 제작 방법,정보기술(IT),2024-12-31
201,2021-10-01,10-2021-0130926,2024-03-18,10-2650159,김대겸,"김대겸,김준영,이승훈,이민형,김도현,박형순,박성진,김민기",능동 통기 장치를 구비하는 호흡기 보호구,정보기술(IT),2024-12-31
202,2021-06-25,10-2021-0083390,2024-07-26,10-2690574,강정구,"강정구,최경민,이현신,장수인",비타민 B1의 보호 및 전달을 위한 장용성 조성물,생명공학기술(BT),2024-12-31
203,2021-11-05,10-2021-0151537,2024-02-28,10-2643415,이진우,"이진우,황화웨이,전현우","수전해용 촉매 복합체, 이의 제조방법, 이를 포함하는 수전해용 전극 및 상기 수전해용 전극을 포함하는 수전해용 막전극 접합체",환경/에너지기술(ET),2024-12-31
204,2021-07-23,10-2021-0096964,2024-10-14,10-2719009,박인규,"박인규,최중락,한찬규,이기훈","손가락 착용형 터치센서, 이를 이용한 시스템 및 제어 방법",우주항공기술(ST),2024-12-31
205,2022-02-07,10-2022-0015691,2024-09-05,10-2705196,윤효상,윤효상,초저고도 광학 인공위성,우주항공기술(ST),2024-12-31
206,2021-08-23,10-2021-0111115,2024-02-28,10-2643595,박용근,"박용근,이무성,애르배 제롬 우고네",다중 산란을 고려한 3차원 영상 복원 알고리즘의 컴퓨팅 장치 및 그의 방법,정보기술(IT),2024-12-31
207,2021-09-06,10-2021-0118654,2024-07-24,10-2689252,임성갑,"임성갑,박용천,김유손",열적 잔류응력 제어를 통한 유연 박막봉지 및 그 제조 방법,나노기술(NT),2024-12-31
208,2021-12-13,10-2021-0177897,2024-04-09,10-2657354,조광현,"조광현,김현진,안수균,황채영",SYK 저해제를 포함하는 대장암 예방 또는 치료용 병용투여 조성물,생명공학기술(BT),2024-12-31
209,2021-08-04,10-2021-0102456,2024-06-03,10-2673366,유종원,"유종원,채수창,안병권,조혜원,김구",어레이 안테나,정보기술(IT),2024-12-31
210,2021-11-22,10-2021-0161518,2024-03-08,10-2647247,김재홍,"김재홍,전유빈,한성호,신태용",기존의 배치 플랜트 설비를 이용한 알칼리 활성 콘크리트 생산 방법,나노기술(NT),2024-12-31
211,2021-10-18,10-2021-0138299,2024-04-22,10-2660730,오현택,"오현택,유종민",특징 사전에 기반한 자가 지도 메트릭 학습을 통한 비지도 객체 재 식별 방법,정보기술(IT),2024-12-31
212,2021-11-22,10-2021-0161519,2024-01-11,10-2625731,김재홍,"김재홍,전유빈,한성호,신태용",알칼리 활성 콘크리트 제조 장치,나노기술(NT),2024-12-31
213,2021-12-01,10-2021-0169970,2024-02-05,10-2635418,최성율,"최성율,차준회,이건재",고결정성 이차원소재 제조방법 및 이에 의하여 제조된 고결정성 이차원소재,환경/에너지기술(ET),2024-12-31
214,2021-12-14,10-2021-0178591,2024-10-25,10-2723712,한승헌,"한승헌,윤태성,이철호,권가람,황윤지,이남경,이예환,박문덕","조직의 환경, 사회, 지배구조 점수를 예측하는 방법 및 시스템",환경/에너지기술(ET),2024-12-31
215,2021-09-14,10-2021-0122136,2024-08-07,10-2694155,최정균,"최정균,안도현,조은해,기창석",막 단백질 정보를 이용한 치료 타깃 유전자 발굴 방법 및 분석장치 ,생명공학기술(BT),2024-12-31
216,2021-10-21,10-2021-0140963,2024-01-10,10-2625828,조계춘,"조계춘,강석준",수중터널 지반 접속부의 설계 방법,정보기술(IT),2024-12-31
217,2021-10-01,10-2021-0130530,2024-04-02,10-2655199,유경식,"유경식,한상윤",재순환식 가변 광자 회로 및 그 동작 방법,정보기술(IT),2024-12-31
218,2022-04-04,10-2022-0041819,2024-11-06,10-2728725,배석형,"배석형,이준협,마동혁,조해나",가상 공간 내 메모 객체를 제어하는 전자 시스템 및 그 동작 방법,정보기술(IT),2024-12-31
219,2021-10-19,10-2021-0139686,2024-10-15,10-2719213,안승영,"안승영,송경환,이성희,김현웅",적층 패드 구조의 패드 패턴층들을 포함하는 반도체 장치 및 그 제조 방법,정보기술(IT),2024-12-31
220,2022-03-21,10-2022-0034824,2024-04-22,10-2660836,이성주,"이성주,공태식,윤형준,이택경,안재하","애드혹 라우팅 강화학습 시스템, 방법, 컴퓨터 판독 가능한 기록 매체 및 컴퓨터 프로그램",정보기술(IT),2024-12-31
221,2021-12-09,10-2021-0175659,2024-08-20,10-2698263,임성갑,"임성갑,최준환,남왕우,강주연",신축성 고분자 절연 소재 및 그 제작 방법,정보기술(IT),2024-12-31
222,2022-06-14,10-2022-0072314,2024-06-11,10-2675600,김경수,"김경수,김현빈",6축 힘 토크 센서,정보기술(IT),2024-12-31
223,2021-12-21,10-2021-0184054,2024-02-19,10-2639792,류승탁,"류승탁,유형진",시간 영역에서의 카오스 기반 난수 발생기,정보기술(IT),2024-12-31
224,2021-12-13,10-2021-0177624,2024-07-04,10-2683047,조용훈,"조용훈,문지환,최민호,우기영",마이크로 LED의 패터닝 방법 및 이를 이용한 마이크로 LED의 제조방법,나노기술(NT),2024-12-31
225,2021-11-19,10-2021-0160475,2024-11-26,10-2736477,김민수,"김민수,박힘찬,이지은",Barabasi-Albert(BA) 모델 기반 대규모 그래프를 생성하는 방법 및 이를 수행하는 장치,정보기술(IT),2024-12-31
226,2022-02-25,10-2022-0025051,2024-07-24,10-2689482,이흥규,"이흥규,지상근,강지현",라인 인터레이싱 특성에 기반한 영상 암호화 방법 및 영상 복호화 장치,정보기술(IT),2024-12-31
227,2021-10-15,10-2021-0137711,2024-01-18,10-2628180,김용훈,김용훈,1차원 및 2차원 양자 나노구조의 광 특성의 정확한 전산 모사를 위한 제1원리 기반의 유효질량 근사 시뮬레이션 방법 및 그 시스템,정보기술(IT),2024-12-31
228,2022-08-10,10-2022-0099653,2024-12-31,10-2750277,이정철,"이정철,정문경,김태영,이봉재",캐비티 웨이퍼 제작 방법,나노기술(NT),2024-12-31
229,2022-02-04,10-2022-0015125,2024-09-24,10-2711214,윤준보,"윤준보,이용복,최판규,김수현,김태수",기계식 배선 메모리,정보기술(IT),2024-12-31
230,2021-10-13,10-2021-0135516,2024-08-06,10-2694021,오현택,"오현택,김민경,최준균,김나경",5G 기반 IOT 환경을 위한 지능형 트러스트 인에이블러 시스템,정보기술(IT),2024-12-31
231,2021-11-17,10-2021-0158428,2024-05-23,10-2669823,김일두,"김일두,김동하",금속유기구조체 분자거름체층 및 금속산화물 박막이 코팅된 나노섬유 얀 기반 웨어러블 가스센서 및 그 제조방법,나노기술(NT),2024-12-31
232,2022-05-13,10-2022-0058796,2024-09-10,10-2706869,조병진,"조병진,신의중,이규섭,김형진",듀얼 스위칭 메모리 소자,정보기술(IT),2024-12-31
233,2022-05-13,10-2022-0059004,2024-11-12,10-2730613,전상훈,"전상훈,김태호","음의 정전용량 블로킹 산화층을 포함하는 비휘발성 메모리, 이의 동작 방법 및 이의 제조 방법",정보기술(IT),2024-12-31
234,2021-10-26,10-2021-0144041,2024-04-30,10-2663922,임성갑,"임성갑,정희태,이은정,윤근태,조영학,안현아",마이크로-나노 스케일의 계층적 패턴 기반 세포 배양 및 성숙 유도 기판,생명공학기술(BT),2024-12-31
235,2022-01-24,10-2022-0010077,2024-11-06,10-2728714,장재범,"장재범,심주은,박찬이,조인,민경배",팽창된 전-유기체의 생물학적 구조 정보를 초고해상도로 관찰하기 위한 이미징 방법,생명공학기술(BT),2024-12-31
236,2021-12-15,10-2021-0180032,2024-12-24,10-2748131,강준혁,"강준혁,공진우",분산 네트워크 시스템에서 베이지안 연합 변분 학습 및 비학습을 수행하는 방법 및 장치,정보기술(IT),2024-12-31
237,2021-11-26,10-2021-0165213,2024-01-10,10-2624982,김성수,"김성수,홍현수,SARFRAZ MUHAMMAD SALMAN,온승윤,정재문","굽힘 변형 측정이 가능한 복합재, 이를 포함하는 스프링 및 그 제조방법",나노기술(NT),2024-12-31
238,2022-01-20,10-2022-0008714,2024-10-29,10-2725277,이행기,"이행기,김나루,길태건",콘크리트 구조물의 탄산화 양생용 거푸집 시스템 및 이를 이용한 콘크리트의 탄산화 양생 방법,환경/에너지기술(ET),2024-12-31
239,2021-10-15,10-2021-0137093,2024-02-28,10-2643198,장인권,"장인권,고혁진,천봉주",노드-링크 그래프 기반 골 미세구조 표현을 활용한 인공신경망으로 재구성된 골격계 영상의 골 미세구조 연결성 복구를 위한 컴퓨터 장치 및 그의 방법,생명공학기술(BT),2024-12-31
240,2021-12-08,10-2021-0174523,2024-11-05,10-2727790,김철,"김철,이상현",센서 거리 변화에 의한 왜곡을 경감시키는 실시간 광용적맥파 동잡음 감쇠를 위한 컴퓨터 장치 및 그의 방법,정보기술(IT),2024-12-31
241,2021-12-01,10-2021-0170076,2024-12-26,10-2748569,조병진,"조병진,박영근,정재중,노세민",선택적 레이저 열처리를 통한 모놀리식 3D 상부소자를 포함하는 다층 게이트 캐퍼시터 및 이의 제조방법,나노기술(NT),2024-12-31
242,2021-09-28,10-2021-0127935,2024-08-12,10-2695726,정명수,"정명수,국동현,권미령",컴퓨팅 장치 및 스토리지 카드,정보기술(IT),2024-12-31
243,2021-12-22,10-2021-0185257,2024-08-28,10-2701668,제민규,"제민규,조동희,김철",부하 구동 장치,정보기술(IT),2024-12-31
244,2021-11-30,10-2021-0169535,2024-04-24,10-2661792,이현주,"이현주,강기훈,임진규",산화 이리듐계 전기화학 촉매 및 그 제조방법,나노기술(NT),2024-12-31
245,2021-11-30,10-2021-0169537,2024-08-20,10-2698379,김종환,"김종환,송택진,정종오,김영민",딥러닝 기반 장애물 검출 시스템 및 방법,정보기술(IT),2024-12-31
246,2021-11-23,10-2021-0162698,2024-11-28,10-2737769,김민수,"김민수,박힘찬,박성우",시뮬레이션 기반 그래프 처리 방법 및 이를 수행하는 장치,정보기술(IT),2024-12-31
247,2021-12-28,10-2021-0189684,2024-11-28,10-2737434,조광현,"조광현,정창영",TEAD4 억제제를 포함하는 대장암 예방 또는 치료용 조성물,생명공학기술(BT),2024-12-31
248,2021-11-08,10-2021-0152377,2024-01-15,10-2626742,김일두,"김일두,조유장,임해성,김민수",2차원 형상의 흡습성 나노클레이가 비대칭으로 코팅되어 첨가된 에너지 발전기 및 에너지 발전기의 제조 방법,나노기술(NT),2024-12-31
249,2021-11-25,10-2021-0164450,2024-04-22,10-2660812,강정구,"강정구,이희빈,박동규,김기환",원자수준의 백금이 담지된 비정질 형태의 C60-x 풀러렌 수소 저장 소재의 제조 및 이를 이용한 수소 저장의 구현,나노기술(NT),2024-12-31
250,2022-01-06,10-2022-0002320,2024-11-06,10-2728823,임성갑,"임성갑,강석조,이민석,전동민",배양 기판의 표면 에너지 조절을 통한 수지상 세포 분화 및 성장 유도 배양법,생명공학기술(BT),2024-12-31
251,2022-03-18,10-2022-0033916,2024-03-28,10-2653854,이정익,"이정익,손인우,최성욱,김종원,김정,이희성",비활성 기체 액화장치,환경/에너지기술(ET),2024-12-31
252,2021-11-18,10-2021-0159552,2024-01-11,10-2625426,남택진,"남택진,조광민,조형준,김태완",이동형 오폐수 처리장치,나노기술(NT),2024-12-31
253,2021-12-29,10-2021-0190937,2024-11-18,10-2733001,전원주,"전원주,유현빈,김지완",면적 분할을 이용한 광대역 흡음장치,정보기술(IT),2024-12-31
254,2022-03-17,10-2022-0033573,2024-12-31,10-2750288,배현민,"배현민,오석환,김명기,김영민,정구일",의료 초음파의 정량적 이미징 방법 및 장치,생명공학기술(BT),2024-12-31
255,2021-12-10,10-2021-0176567,2024-08-12,10-2695575,김천곤,"김천곤,장우혁,장민수,김솔",금속 코팅 섬유를 안테나 패치로 이용한 구조 안테나,우주항공기술(ST),2024-12-31
256,2021-11-17,10-2021-0158722,2024-08-07,10-2694292,최재식,"최재식,박범진,강청웅",다중 로봇에 복수의 작업을 할당하는 방법 및 장치,정보기술(IT),2024-12-31
257,2021-11-15,10-2021-0156923,2024-08-07,10-2694286,이기혁,"이기혁,안성근,김태준,김연수,박휘성",전자 장치의 관심 영역 시각화 방법,정보기술(IT),2024-12-31
258,2021-11-15,10-2021-0156921,2024-02-05,10-2635076,이기혁,"이기혁,김선범,김연수,박근우,윤은혜,박휘성",컨트롤러 및 그의 동작 방법,정보기술(IT),2024-12-31
259,2021-11-10,10-2021-0154223,2024-04-24,10-2661819,최호진,"최호진,임채균",시간적 관계정보의 컨텍스트 이해를 위한 오픈 도메인 정보 활용 방법,정보기술(IT),2024-12-31
260,2023-01-13,10-2023-0005498,2024-12-03,10-2739327,안승영,"안승영,신유준,이재원,박동렬,이창민,우성호",무선 전력 전송 시스템,정보기술(IT),2024-12-31
261,2021-11-11,10-2021-0154973,2024-04-01,10-2654852,명현,"명현,이응창,최준호,신성재,정광익",이동 로봇 및 이의 위치 추정 방법,정보기술(IT),2024-12-31
262,2022-01-05,10-2022-0001569,2024-03-20,10-2651047,안승영,"안승영,신유준,우성호,손석현,이창민,이철,은희현,곽규민,최석민",무선전력전송 시스템의 송수신코일 간 결합계수 산출 장치 및 방법,정보기술(IT),2024-12-31
263,2021-10-01,10-2021-0130686,2024-02-28,10-2643601,예종철,"예종철,권태성",가역적 뉴럴 네트워크를 이용한 효율적 비지도 학습 기반 저 선량 엑스선 전산단층 촬영 영상 처리 방법 및 장치,정보기술(IT),2024-12-31
264,2021-10-01,10-2021-0130970,2024-09-04,10-2704944,조성환,"조성환,최한길,이상흥",대역폭과 무관한 빠른 변조가 가능한 위상고정루프 기반의 주파수 변조 시스템 및 그 방법,정보기술(IT),2024-12-31
265,2022-01-26,10-2022-0011715,2024-08-01,10-2692522,오지훈,"오지훈,김도희",알코올의 산화 반응용 촉매 및 이의 제조방법,환경/에너지기술(ET),2024-12-31
266,2022-02-21,10-2022-0022321,2024-10-07,10-2715946,유승화,"유승화,정지영,김용태,박진규",복합재 유효 거동 예측 모델의 생성 방법 및 생성 장치,정보기술(IT),2024-12-31
267,2021-11-10,10-2021-0153901,2024-03-21,10-2651481,정희태,"정희태,송지윤,김찬솔,정현수","단일 및 다성분계 나노입자 고밀도화, 고균일화 및 그 제조방법",나노기술(NT),2024-12-31
268,2022-01-19,10-2022-0007747,2024-11-05,10-2727722,유홍기,"유홍기,김완준,김완배",근적외선 분광분석법 기반의 조직 검사 적합도 판단 장치 및 방법,생명공학기술(BT),2024-12-31
269,2021-12-17,10-2021-0182196,2024-08-20,10-2698264,강지훈,"강지훈,장민성,한성수",양방향 인터페이스 조합기를 지원하는 하드웨어 기술 언어,정보기술(IT),2024-12-31
270,2022-01-11,10-2022-0004049,2024-07-30,10-2691100,최재혁,"최재혁,박선의,유세연,최서진",파워게이팅 인젝션 락킹 주파수 체배기 기반의 위상 감지기를 이용한 초저잡음 저전력 W/D-밴드 위상고정루프,정보기술(IT),2024-12-31
271,2022-01-25,10-2022-0010679,2024-08-06,10-2693986,박제균,"박제균,김휘수",액적 포획 구조 어레이 및 이를 이용한 스페로이드 전달 및 스페로이드 어레이의 형성 방법,생명공학기술(BT),2024-12-31
272,2021-10-13,10-2021-0135440,2024-04-22,10-2660745,예종철,"예종철,송준영",연합학습 및 비지도 학습 기반 뉴럴 네트워크를 이용한 개인정보를 보호하는 영상 변환 방법 및 그 장치,정보기술(IT),2024-12-31
273,2021-11-04,10-2021-0150739,2024-12-24,10-2748173,정현정,"정현정,양승주,임산해",비천연 아미노산이 잔기-선택적으로 도입된 유전자 편집 단백질 및 이를 이용한 유전자 편집 방법,생명공학기술(BT),2024-12-31
274,2021-11-04,10-2021-0150846,2024-12-24,10-2748180,정현정,"정현정,박희성,Marcel Janis Beha,김주찬,김윤수,양승주",비천연 아미노산이 위치-특이적으로 도입된 유전자 편집 단백질 및 이를 이용한 유전자 편집 방법,생명공학기술(BT),2024-12-31
275,2021-12-13,10-2021-0178074,2024-05-13,10-2666972,권태혁,"권태혁,주현우",유도분극 스펙트럼 분석기법을 이용한 미생물 모니터링 시스템 및 그 방법,정보기술(IT),2024-12-31
276,2021-12-30,10-2021-0191993,2024-08-01,10-2692228,전원주,"전원주,이재연,안준용,김찬규,박성민",진동감쇠장치,나노기술(NT),2024-12-31
277,2021-11-12,10-2021-0155585,2024-06-03,10-2673155,예종철,"예종철,정형진",스코어 기반의 확산 모델을 이용한 자기공명영상 복원 방법 및 그 장치,정보기술(IT),2024-12-31
278,2022-01-17,10-2022-0006742,2024-07-04,10-2682987,전석우,"전석우,현가예",순차적 이중 템플레이팅 기술을 이용한 상호 연결 된 3차원 금속 나노 쉘 구조의 제조 방법,나노기술(NT),2024-12-31
279,2021-10-14,10-2021-0136915,2024-03-18,10-2650055,박용근,"박용근,한승윤,양승범",미생물 콜로니 검출 시스템,문화기술(CT),2024-12-31
280,2022-01-27,10-2022-0012563,2024-12-18,10-2745750,이정철,"이정철,김태영,정문경,정재우,이봉재","위조 방지 태그, 위조 방지 태그의 제조 방법 및 위조 방지 시스템",나노기술(NT),2024-12-31
281,2021-12-06,10-2021-0172837,2024-08-20,10-2698265,하정석,"하정석,한석주",신뢰 전파 복호기 기반의 고속 수렴 극 부호 설계 방법 및 그 장치,정보기술(IT),2024-12-31
282,2021-11-15,10-2021-0157112,2024-03-05,10-2645640,윤국진,"윤국진,권혁준,강윤수,정우성,김현성,박휘성",이미지 스티칭 학습 및 평가를 위한 이미지 데이터셋 생성 장치 및 그 방법,정보기술(IT),2024-12-31
283,2021-12-13,10-2021-0178089,2024-07-04,10-2683122,김대중,"김대중,오상민,이주용",슬롯 안테나 ,정보기술(IT),2024-12-31
284,2021-11-26,10-2021-0166112,2024-02-05,10-2635554,정기훈,"정기훈,김기수,김현경",이미지를 생성하기 위한 장치 및 방법,정보기술(IT),2024-12-31
285,2021-12-21,10-2021-0183559,2024-10-30,10-2725655,이대영,"이대영,정광필,이상준,박소정,정평호",붐 어셈블리,우주항공기술(ST),2024-12-31
286,2021-11-17,10-2021-0158871,2024-11-28,10-2737733,정연식,"정연식,김민준,구민재,조승희,박형준,이민영",대사체 분류 및 분석을 위한 유전이동 기반 다이나믹 SERS 나노소자,나노기술(NT),2024-12-31
287,2021-11-17,10-2021-0158858,2024-05-23,10-2669963,성영철,"성영철,배소희",리아푸노프 최적화 기반 강화학습을 활용한 에지 컴퓨팅 대기열 안정화를 위한 컴퓨터 장치 및 그의 방법,정보기술(IT),2024-12-31
288,2021-11-11,10-2021-0155141,2024-08-12,10-2695727,김정원,"김정원,안창민","전광 샘플링 기반 타이밍 검출기의 모호함 없는 거리를 늘리는 방법, 이를 이용한 거리 측정 방법 및 거리 측정 시스템",나노기술(NT),2024-12-31
289,2021-11-11,10-2021-0155142,2024-09-20,10-2709581,김정원,"김정원,권도현","칩-스케일 펄스 생성기, 그리고 이의 타이밍 안정화 방법",정보기술(IT),2024-12-31
290,2021-11-08,10-2021-0152227,2024-03-04,10-2644999,김정원,"김정원,전익주,전원주,이재연",광섬유 스풀,나노기술(NT),2024-12-31
291,2021-12-16,10-2021-0180233,2024-07-23,10-2689121,김형준,"김형준,최창혁,김동현,김우열,배근수,스테판 링게",선택적인 하이드록실아민 생산을 위한 단원자 철 기반 전기화학촉매와 그 시스템 ,환경/에너지기술(ET),2024-12-31
292,2021-11-23,10-2021-0162287,2024-04-03,10-2655734,이필승,"이필승,배준한,현철규",플렉서블 디스플레이의 주름 방지 장치,정보기술(IT),2024-12-31
293,2021-10-21,10-2021-0140766,2024-12-05,10-2741125,정재승,"정재승,김선일",뇌파분석을 통한 흡연 인지 측정 시스템  ,정보기술(IT),2024-12-31
294,2022-05-20,10-2022-0062296,2024-07-24,10-2689539,조병관,"조병관,성재민,김혜성",에스테야 베르미콜라에서 발현 가능한 프로모터 및 이의 이용,생명공학기술(BT),2024-12-31
295,2022-04-06,10-2022-0043103,2024-10-22,10-2722223,유승협,"유승협,심지훈,채현욱",수직 증착용 지그,정보기술(IT),2024-12-31
296,2022-01-25,10-2022-0010762,2024-01-18,10-2628365,이한석,"이한석,도인환,김도형,이재훈","브릴루앙 산란을 이용한 솔리톤 생성기, 그리고 이의 동작 방법",정보기술(IT),2024-12-31
297,2023-01-04,10-2023-0001398,2024-11-06,10-2728697,우운택,"우운택,박혜림,전익범",영상 콘텐츠에 대한 증강 현실 처리 방법 및 시스템,정보기술(IT),2024-12-31
298,2021-11-17,10-2021-0158872,2024-03-04,10-2644803,정연식,"정연식,구민재,김민준,이규락,조승희",나노 전사 프린팅 기반 SERS 소자를 이용한 전기화학적 대사체 추출 방법 및 장치,나노기술(NT),2024-12-31
299,2021-12-13,10-2021-0177991,2024-04-02,10-2655186,안승영,"안승영,허성렬,최세민,박범진,박동렬,이범선",비활성화된 송신 코일의 결합 계수를 산출하는 무선전력 전송 시스템 및 그 방법,정보기술(IT),2024-12-31
300,2021-12-15,10-2021-0180100,2024-11-11,10-2730197,안승영,"안승영,신유준,우성호,이창민,이재원,손석현,박범진,허성렬,김해림,박동렬,이범선",무선 전력 전송 시스템,정보기술(IT),2024-12-31
301,2021-11-29,10-2021-0166614,2024-08-06,10-2693958,이기혁,"이기혁,정진근,손선민,이상윤,김연수",시각 장애인의 실시간 2 차원 촉각 입출력 인터랙션을 위한 촉각 인터페이스를 제공하는 컴퓨터 시스템 및 그의 방법,정보기술(IT),2024-12-31
302,2021-11-05,10-2021-0151154,2024-10-22,10-2722102,이정용,"이정용,김경민",희생층을 이용한 투명 전도성 네트워크 제조방법,정보기술(IT),2024-12-31
303,2021-11-05,10-2021-0151155,2024-01-18,10-2628299,이정용,"이정용,김경민",마스터몰드를 이용한 투명 전도성 네트워크 제조방법,정보기술(IT),2024-12-31
304,2021-11-05,10-2021-0151156,2024-10-22,10-2722103,이정용,"이정용,김경민",나노마스크를 이용한 투명 전도성 네트워크 제조방법,정보기술(IT),2024-12-31
305,2022-03-21,10-2022-0034774,2024-11-05,10-2727886,나양섭,"나양섭,이필승,조정희,이승규,박문수",운용 중인 잠수함 또는 잠수정을 위한 수중 급전 장치 및 이를 이용한 수중 급전 방법,정보기술(IT),2024-12-31
306,2021-11-23,10-2021-0162030,2024-05-17,10-2669229,정성윤,"정성윤,임영환",이온 치환을 통한 이리듐계 산화물 촉매의 산소 발생 반응 안정성 향상 방법,환경/에너지기술(ET),2024-12-31
307,2021-12-14,10-2021-0179207,2024-04-09,10-2657215,안승영,"안승영,박범진,허성렬,신유준,우성호,손석현,이상욱,김해림,박동렬,이범선","자성체 포화현상을 이용하여 누설 자기장의 고조파 성분을 상쇄하는 무선 전력 전송 시스템, 및 그 동작 방법",정보기술(IT),2024-12-31
308,2021-12-14,10-2021-0178820,2024-05-23,10-2669810,안승영,"안승영,김종욱,김해림,박범진,허성렬,박동렬,이범선","전도성 매질에서 송신 코일과 수신 코일이 오정렬된 자기 결합 코일 회로의 등가 회로 모델링 방법, 및 이를 이용하는 무선 전력 전송 시스템",정보기술(IT),2024-12-31
309,2021-12-17,10-2021-0182111,2024-11-09,10-2729899,유승협,"유승협,이태우,김주성,박재혁",발광 소자의 발광특성 측정 장치 및 이의 측정방법,정보기술(IT),2024-12-31
310,2021-11-23,10-2021-0162688,2024-04-02,10-2655201,박형순,"박형순,이건도",부상 방지 가이드라인 생성 방법 및 이를 수행하는 장치,나노기술(NT),2024-12-31
311,2022-01-13,10-2022-0005258,2024-11-08,10-2729620,김상율,"김상율,김성종",트리플루로메틸기를 포함하는 다중고리형 단량체를 사용하여 제조되는 폴리이미드 전구체 및 이를 이용하여 수득되는 유연성 폴리이미드,나노기술(NT),2024-12-31
312,2022-03-18,10-2022-0034025,2024-11-06,10-2728740,맹성현,"맹성현,홍기원,김정환,강준모,김경민",자연어 처리 방법 및 장치,정보기술(IT),2024-12-31
313,2021-12-01,10-2021-0170219,2024-08-20,10-2698404,이도창,"이도창,강문성","양자점 리간드 가교제, 이를 포함하는 양자점 잉크 조성물, 및 이를 이용하여 제조된 양자점 패턴",나노기술(NT),2024-12-31
314,2022-02-10,10-2022-0017807,2024-01-18,10-2628251,신승원,"신승원,김진우,김경우",네트워크 토폴로지 난독화 방법 및 그 장치,정보기술(IT),2024-12-31
315,2022-02-04,10-2022-0014879,2024-05-21,10-2669207,최경철,"최경철,노병주,구자욱,이지윤,이지은,주빛나",뇌기능 조절을 위한 유기 발광 단기 시각 자극 플랫폼 ,생명공학기술(BT),2024-12-31
316,2021-12-01,10-2021-0169670,2024-05-03,10-2664782,배석형,"배석형,이상현,이준협,마동혁,김한빛,성재호","가상 현실 공간에 대한 제어를 수행하는 전자 시스템, 전자 장치 및 그 동작 방법",정보기술(IT),2024-12-31
317,2022-04-27,10-2022-0052239,2024-08-27,10-2701306,오지훈,"오지훈,이주호","광전기화학전지용 전극, 이의 제조방법 및 이를 포함하는 광전기화학전지",나노기술(NT),2024-12-31
318,2021-11-04,10-2021-0150239,2024-02-15,10-2638409,한동수,한동수,휴대형 복합 신호수집 기기와 QR 코드를 활용한 실내외 통합 위치인식 방법 및 시스템,정보기술(IT),2024-12-31
319,2021-10-07,10-2021-0132930,2024-09-04,10-2704643,박효훈,"박효훈,이현우,윤현호",직접 광결합 와이어를 포함하는 광 모듈 패키지,정보기술(IT),2024-12-31
320,2022-07-01,10-2022-0081494,2024-12-19,10-2746538,최지환,"최지환,전수현",위성망의 보안 위협 분석 장치 및 방법,정보기술(IT),2024-12-31
321,2021-12-30,10-2021-0193535,2024-08-07,10-2694140,이관수,"이관수,성영훈,김인기,정연주",소라페닙의 간암에 대한 활성 증진용 조성물,생명공학기술(BT),2024-12-31
322,2021-11-24,10-2021-0163215,2024-07-29,10-2690862,정기준,"정기준,손재우,김선창",페닐알라닌 검출용 바이오센서 및 그 용도,생명공학기술(BT),2024-12-31
323,2022-01-06,10-2022-0001866,2024-08-06,10-2693959,이상완,"이상완,주신영",유추에 의한 자기 지도 강화학습 방법,정보기술(IT),2024-12-31
324,2021-11-29,10-2021-0166872,2024-04-17,10-2659389,박종철,"박종철,송호윤",신뢰도와 언어폭력 간 의존성을 이용한 언어폭력 수정 및 텍스트 신뢰도 증강 시스템 및 그 방법,정보기술(IT),2024-12-31
325,2021-12-02,10-2021-0171233,2024-08-20,10-2698088,조원기,"조원기,김형표",CTCF매개 전사체 응축 촉진용 조성물 ,생명공학기술(BT),2024-12-31
326,2022-04-01,10-2022-0041240,2024-11-27,10-2736766,정기훈,"정기훈,전재훈,안명수,박정우,김기범",단일 픽셀 마이크로 분광기 및 이의 제조방법,정보기술(IT),2024-12-31
327,2021-11-11,10-2021-0154485,2024-11-13,10-2731250,전석우,"전석우,신종화,남상현,김명준,김나영",위상마스크 및 3차원 미세 구조체를 제조하는 방법,나노기술(NT),2024-12-31
328,2022-01-07,10-2022-0002748,2024-03-04,10-2644998,김갑진,"김갑진,강준호",금속과 실리콘 접합 구조를 적용한 자기장 센서,나노기술(NT),2024-12-31
329,2022-02-24,10-2022-0024593,2024-11-12,10-2730648,정기훈,"정기훈,박정우,전재훈,김기범",초박형 마이크로 분광기 및 이의 제조방법,정보기술(IT),2024-12-31
330,2021-11-18,10-2021-0159799,2024-07-29,10-2690598,김범준,"김범준,김진석,문홍철,인예령",전기변색용 화합물 및 이를 포함하는 전기변색 소자,정보기술(IT),2024-12-31
331,2022-01-04,10-2022-0000986,2024-08-06,10-2694022,장인권,"장인권,김민기,강민석",다중 수신 무선전력전송의 최적 동작 상태 결정을 위한 송수신 간의 상호 인덕턴스 실시간 추정 방법 및 장치,정보기술(IT),2024-12-31
332,2022-01-13,10-2022-0005112,2024-04-22,10-2660747,최준균,"최준균,서현석",IoT 환경 센서를 활용하여 비화재보를 줄이는 엣지-AI 기반 지능형 화재 감지 시스템,정보기술(IT),2024-12-31
333,2022-01-19,10-2022-0007960,2024-08-28,10-2701562,정완영,"정완영,강경훈",정적인 변화 감지 플립플롭,정보기술(IT),2024-12-31
334,2022-05-02,10-2022-0054401,2024-09-03,10-2704329,최양규,"최양규,한준규",빛에 반응하는 시냅스 소자 및 이를 이용한 인센서 비전 시스템,정보기술(IT),2024-12-31
335,2022-05-02,10-2022-0054272,2024-05-10,10-2666553,박성욱,"박성욱,양동하",고이득 KA 밴드용 이중 오프셋 리플렉트어레이 안테나,정보기술(IT),2024-12-31
336,2022-11-22,10-2022-0156969,2024-07-03,10-2682546,박성욱,"박성욱,맹지열,고동식,김형규,곽상은","K 대역용 레이더 센서를 위한 고방사 효율, 소형화, 광대역 및 넓은 빔폭의 제로 모드 유도 캐비티 패치 안테나",우주항공기술(ST),2024-12-31
337,2022-02-28,10-2022-0025890,2024-01-23,10-2629717,박성욱,"박성욱,박진기,지예은",주파수 가변 범위 확장 및 방사부 소형화를 위한 액정 기반 마이크로스트립 패치 안테나,정보기술(IT),2024-12-31
338,2021-12-06,10-2021-0172570,2024-07-26,10-2690561,예종철,"예종철,양세린,김응엽",적응적 인스턴스 정규화 기반 CT 영상 스타일 변환 방법 및 그 장치,정보기술(IT),2024-12-31
339,2022-02-22,10-2022-0023077,2024-04-23,10-2661042,강준혁,"강준혁,정성아,하대한",무인항공기를 이용한 보안 통신 방법,정보기술(IT),2024-12-31
340,2022-01-28,10-2022-0013080,2024-11-11,10-2729995,강정구,"강정구,박민규,최종휘,김동원",리튬 삽입 과정을 통한 팔라듐 금속의 나노다공화와 그에 따른 수소 저장 재료 응용 및 성능 향상,나노기술(NT),2024-12-31
341,2021-12-10,10-2021-0176503,2024-07-24,10-2689320,박진아,"박진아,장재현",가상 유체와의 상호작용에 기반한 촉각 피드백 제공 방법 및 이를 수행하는 장치,정보기술(IT),2024-12-31
342,2021-12-23,10-2021-0185588,2024-09-20,10-2709524,최양규,"최양규,김명수",장시간 전하 저장 DRAM 소자와 그 동작 방법,정보기술(IT),2024-12-31
343,2022-10-27,10-2022-0140414,2024-08-28,10-2701529,김경수,"김경수,최경환,장인권",하이브리드 차량의 과도특성을 고려한 동력제어 방법 및 장치,환경/에너지기술(ET),2024-12-31
344,2021-12-14,10-2021-0178941,2024-09-03,10-2704323,제민규,"제민규,정경원,윤기찬",초음파 신호 처리 회로 ,정보기술(IT),2024-12-31
345,2022-05-02,10-2022-0054380,2024-09-24,10-2710967,박성욱,"박성욱,박준성",다채널 레이더에서의 딥러닝 알고리즘을 이용한 타겟 드론의 고도 실시간 추정 방법 및 시스템,정보기술(IT),2024-12-31
346,2022-03-15,10-2022-0032079,2024-09-20,10-2709590,박용화,"박용화,김성후",시계열 데이터 적응형 컨볼루션 기반 딥러닝 모델을 이용한 화자 인식 방법,정보기술(IT),2024-12-31
347,2022-07-13,10-2022-0086360,2024-03-07,10-2646613,서효원,"서효원,우제혁,정민규",딥러닝 기반 온라인 상품평에 대한 속성 기반 감성 분석 및 제품 개발에 적용을 위한 컴퓨터 장치 및 그의 방법,정보기술(IT),2024-12-31
348,2022-03-04,10-2022-0028155,2024-09-03,10-2704041,권태혁,"권태혁,이기준,함수민",터널 굴착기용 버력 배출장치,환경/에너지기술(ET),2024-12-31
349,2022-01-14,10-2022-0005943,2024-11-06,10-2728739,전상용,"전상용,송준혁,서창진,김도현",줄기세포 스페로이드 제조용 기판 및 이를 이용한 줄기세포 스페로이드 제조방법,생명공학기술(BT),2024-12-31
350,2022-02-10,10-2022-0017236,2024-12-18,10-2745571,신종화,"신종화,장태용,정준교",유니버셜 메타 표면을 포함하는 광학 측정 장치 및 이를 이용한 광학 측정 방법,나노기술(NT),2024-12-31
351,2022-04-12,10-2022-0045126,2024-12-24,10-2748262,박찬범,"박찬범,장진형",삼원 칼코게나이드 물질을 포함하는 베타-아밀로이드 응집체 분해용 조성물 및 이의 용도,나노기술(NT),2024-12-31
352,2022-06-15,10-2022-0072628,2024-12-04,10-2740479,권동수,"권동수,김한솔,유재민,공덕유",강성 증강 수술 장치,생명공학기술(BT),2024-12-31
353,2021-12-20,10-2021-0183064,2024-11-13,10-2731667,제민규,"제민규,최재석,김철",초음파 펄서 및 커패시터브 부하 구동 장치 ,정보기술(IT),2024-12-31
354,2022-06-03,10-2022-0068365,2024-04-30,10-2663391,김천곤,"김천곤,장우혁,장민수,진도현,김민성",전자파 흡수 구조체 및 그것의 제조 방법,우주항공기술(ST),2024-12-31
355,2022-08-09,10-2022-0099198,2024-12-18,10-2745542,명현,"명현,유병호,이현규",벽면 부착을 위한 준-탈동조화 제어기 기반의 공중 변형 드론 및 그 제어 방법,정보기술(IT),2024-12-31
356,2021-12-23,10-2021-0186139,2024-02-26,10-2642058,김문철,"김문철,기세환","시간 적응적, 공간 선택적 시그널링을 이용한 뉴럴 네트워크 처리 방법 및 장치",정보기술(IT),2024-12-31
357,2022-05-02,10-2022-0054350,2024-12-18,10-2745541,명현,"명현,이현규,정명우,김찬영,임형태",벽면 부착을 위한 틸팅 드론의 강화학습 기반 낮은 수준의 자세 제어 방법 및 장치,정보기술(IT),2024-12-31
358,2022-08-04,10-2022-0097492,2024-08-19,10-2697973,명현,"명현,현지음",UWB 및 관성 센서 기반의 로봇 위치 추정 장치 및 방법,정보기술(IT),2024-12-31
359,2022-04-15,10-2022-0046790,2024-11-07,10-2729263,홍화정,"홍화정,한경식,유희정,김보관",게임 기반 애플리케이션을 이용한 자폐 스펙트럼 장애인 루틴 관리 방법 및 단말장치,정보기술(IT),2024-12-31
360,2022-04-22,10-2022-0049978,2024-11-06,10-2728744,강병훈,"강병훈,김은진",개인 위치 정보의 민감 단계별 프라이버시 보호 및 효율적 원본 위치 복구 기법,정보기술(IT),2024-12-31
361,2021-12-28,10-2021-0189924,2024-03-22,10-2651909,제민규,"제민규,길준호,박철현,김근회,하소명,정윤태,오세인,권순재,최인준",임피던스 측정 장치 및 임피던스 측정 방법,정보기술(IT),2024-12-31
362,2021-12-30,10-2021-0193058,2024-06-24,10-2679025,박지호,"박지호,백우진,정직한",엑소좀 분리용 조성물 및 이를 이용한 엑소좀 분리 방법,생명공학기술(BT),2024-12-31
363,2022-01-27,10-2022-0011916,2024-11-21,10-2734233,박효훈,"박효훈,윤현호,김재용",양방향 연마된 실리카 광 도파로를 이용하는 광 모듈 패키지,나노기술(NT),2024-12-31
364,2022-03-29,10-2022-0038919,2024-12-24,10-2748166,전성윤,"전성윤,성형진,박진수,김승규,남현오,차범석",동적 세포 배양을 위한 음향미세유체 기반 상부 개방형 바이오리액터 및 그의 제조 방법,생명공학기술(BT),2024-12-31
365,2022-04-15,10-2022-0047124,2024-12-03,10-2739549,손수엘,"손수엘,이소영,위성일",강화 학습을 이용한 반사형 크로스 사이트 스크립팅 취약점 탐지 방법 및 시스템,정보기술(IT),2024-12-31
366,2022-02-14,10-2022-0018808,2024-11-27,10-2736776,이필승,이필승,레이어 구조를 이용한 플렉서블 디스플레이의 주름 완화 장치,정보기술(IT),2024-12-31
367,2022-04-15,10-2022-0046794,2024-11-07,10-2729012,가현욱,가현욱,길안내 단말장치 및 그 제어 방법,정보기술(IT),2024-12-31
368,2022-04-14,10-2022-0046231,2024-02-27,10-2642623,가현욱,가현욱,"시각장애 휠체어 사용자를 위한 구동 제어 신호 생성 장치, 이동 보조 수단 및 휠체어",정보기술(IT),2024-12-31
369,2022-03-28,10-2022-0037791,2024-07-24,10-2689251,박현철,"박현철,황민영",지능형 반사 표면을 이용한 무선 에너지 하베스팅 극대화를 위한 컴퓨터 시스템 및 그의 방법,정보기술(IT),2024-12-31
370,2022-04-29,10-2022-0053193,2024-01-19,10-2628692,신종화,"신종화,김나영,김명준",각도 다중화 메타렌즈,나노기술(NT),2024-12-31
371,2022-03-04,10-2022-0027899,2024-11-21,10-2734231,전성윤,"전성윤,김재상,박준하",오가노이드 배양 및 약물 스크리닝을 위한 미세유체 칩 및 그의 이용 방법,생명공학기술(BT),2024-12-31
372,2022-04-01,10-2022-0040989,2024-12-24,10-2748165,정재웅,"정재웅,강인호",자력 기반의 모듈화된 조립형 바이오 전자소자,생명공학기술(BT),2024-12-31
373,2022-03-21,10-2022-0034780,2024-10-04,10-2715760,정원일,"정원일,김희훈", 카테콜아민/ADRB2 매개 간질환 치료제 스크리닝 방법  ,생명공학기술(BT),2024-12-31
374,2022-01-27,10-2022-0012358,2024-11-07,10-2729318,조광현,"조광현,황채영,이종훈,최새롬",악성 유방암의 치료 또는 예방용 약학적 조성물,생명공학기술(BT),2024-12-31
375,2022-02-11,10-2022-0017924,2024-01-02,10-2621307,예종철,"예종철,김의연",블록체인 기술을 활용한 스마트 컨트랙트 기반 데이터와 연산 장치의 사용권한을 결합한 상품으로 NFT 토큰 발행 방법 및 장치,정보기술(IT),2024-12-31
376,2022-02-10,10-2022-0017431,2024-01-17,10-2627563,신종화,"신종화,장태용",고변조 메타물질 구조체,나노기술(NT),2024-12-31
377,2022-05-23,10-2022-0063019,2024-08-07,10-2694321,이진우,"이진우,김성빈","귀금속 원자의 동적배치를 이용한 귀금속 단원자, 클러스터-다공성 몰리브덴 탄화물/탄소 나노복합체, 이의 제조방법, 이를 포함하는 수소생성반응용 또는 수소산화반응용 촉매 및 상기 촉매를 포함하는 전극",나노기술(NT),2024-12-31
378,2022-04-04,10-2022-0041902,2024-12-31,10-2750342,김천곤,"김천곤,차지훈,장우혁,Sathish Kumar Sarath Kumar",지구 궤도 우주 물체의 지상 실험을 위한 시스템,우주항공기술(ST),2024-12-31
379,2022-11-24,10-2022-0159693,2024-11-01,10-2726839,유지환,"유지환,성현석,장재형,백승준,이진원,권순철",스트링 액추에이터 기반 가변 반지름 이중 풀리 메커니즘,나노기술(NT),2024-12-31
380,2022-05-12,10-2022-0058502,2024-12-16,10-2744862,김훈,"김훈,마이베트왕,박재돈",멀티캐스트 자유 공간 광통신을 위한 빔 조향 장치 및 이를 포함하는 송신기,정보기술(IT),2024-12-31
381,2022-05-12,10-2022-0058532,2024-10-22,10-2722224,정상권,"정상권,권도훈",단열 특성을 조절 가능한 액체 수소 저장 장치,환경/에너지기술(ET),2024-12-31
382,2022-03-25,10-2022-0037468,2024-10-23,10-2722529,정기훈,"정기훈,배상인,권재명",마이크로 렌즈 어레이를 포함하는 초소형 라이트 필드 카메라와 그 제작방법 및 초소형 라이트 필드 카메라를 이용하는 표정 인식 방법,정보기술(IT),2024-12-31
383,2022-03-08,10-2022-0029665,2024-11-04,10-2727629,김성수,"김성수,김원빈,온승윤,홍현수,임수현,김원기,조현성,신동규,김언,전규진,김광현",폐쇄형 열전 폼,환경/에너지기술(ET),2024-12-31
384,2022-04-25,10-2022-0050834,2024-07-30,10-2691559,길계태,"길계태,전유리,박현철",상향 링크에서 가시선 채널 특성을 활용한 통신 시스템 및 그의 동작 방법 ,정보기술(IT),2024-12-31
385,2022-04-22,10-2022-0050221,2024-11-11,10-2730330,안승영,"안승영,김제독,안장용","보조 코일을 이용한 무선 전력 송신 장치, 무선 전력 수신 장치 및 무선 전력 전송 시스템",정보기술(IT),2024-12-31
386,2022-03-14,10-2022-0031368,2024-11-14,10-2731829,양희준,양희준,저항성 메모리 소자 및 이를 이용한 컴퓨팅 방법 ,나노기술(NT),2024-12-31
387,2022-06-30,10-2022-0080200,2024-11-29,10-2737909,전석우,"전석우,현가담,문천우,김영지",동적 구조색 픽셀,나노기술(NT),2024-12-31
388,2022-04-27,10-2022-0052044,2024-12-17,10-2745395,윤찬현,"윤찬현,김성환,양은주,김지환,이정원",오픈 데이터 생태계에서의 다중 데이터 허브 간 데이터 실시간 동기화 시스템 및 방법,정보기술(IT),2024-12-31
389,2022-06-29,10-2022-0079922,2024-11-06,10-2728741,서명은,"서명은,박종민,박은숙,이해신",접착제 조성물 및 이의 제조 방법,나노기술(NT),2024-12-31
390,2022-07-12,10-2022-0085542,2024-09-27,10-2713249,김철,"김철,장준태,장용희,조재욱",전계효과 커패시턴스를 활용한 커패시티브 무선전력 전송 시스템,정보기술(IT),2024-12-31
391,2022-05-10,10-2022-0057250,2024-12-18,10-2745723,경기욱,"경기욱,김산하,황건우,DAVID SANTIAGO DIAZ CORTES,양인영",소프트 로봇 핸드,정보기술(IT),2024-12-31
392,2022-09-23,10-2022-0120595,2024-06-21,10-2678476,김용대,"김용대,배상욱,강민석,오범석,안준호,손민철,이용화",이동통신망 단말의 제어평면 메시지 기반 핑거프린트를 사용한 심박스 차단 방법 및 장치,정보기술(IT),2024-12-31
393,2022-04-21,10-2022-0049631,2024-12-24,10-2748091,정상권,"정상권,김진욱,권도훈,배준혁",액체 수소의 증발 손실을 방지할 수 있는 액체 수소 저장 장치 및 흡착 탱크,환경/에너지기술(ET),2024-12-31
394,2022-06-03,10-2022-0068029,2024-11-06,10-2728713,최준균,"최준균,한재섭,이경호",엣지 컴퓨팅 환경 내 딥러닝 기법을 활용한 오차예측 기반 데이터 전송주기제어 프레임워크 방법 및 시스템,정보기술(IT),2024-12-31
395,2022-06-23,10-2022-0076500,2024-11-21,10-2734232,하정석,"하정석,이진영",협력 다중 사용자 기반 은밀 통신 방법 및 시스템,정보기술(IT),2024-12-31
396,2022-05-24,10-2022-0063214,2024-07-23,10-2688880,김택수,"김택수,김지훈,표재범",반자기 부상을 이용한 소프트 로봇,나노기술(NT),2024-12-31
397,2022-07-29,10-2022-0094416,2024-08-16,10-2697410,유종원,"유종원,김솔,이효원,양대근",빔 포밍 장치 및 빔 포밍 방법,정보기술(IT),2024-12-31
398,2022-06-08,10-2022-0069394,2024-12-24,10-2748135,김산하,"김산하,김성재,정지훈",저점착성 나노다공성 박막 내 모세관력을 이용한 마이크로 조립 디바이스 및 이의 제작 방법,나노기술(NT),2024-12-31
399,2022-05-13,10-2022-0058765,2024-02-26,10-2642288,조성오,"조성오,허준",Method for improving corrosion resistance of weld zone of stainless steel and dry storge canister for spent fuel prepared by using the same,나노기술(NT),2024-12-31
400,2022-05-10,10-2022-0057254,2024-12-16,10-2744507,이필승,"이필승,현철규,배준한,조정희",가변 접착층을 이용한 플렉서블 디스플레이 장치,정보기술(IT),2024-12-31
401,2022-06-08,10-2022-0069537,2024-10-14,10-2718962,최양규,"최양규,정진우",무작위적 진동 특성을 이용하여 물리적 복제 방지 기능을 구비한 단일 트랜지스터 구조의 은폐 가능한 보안 키 소자,나노기술(NT),2024-12-31
402,2022-06-20,10-2022-0075146,2024-06-04,10-2673888,유회준,"유회준,Wenao Xie","반대 상태를 가지는 한 쌍의 자기 터널 접합을 구비한 MRAM 셀, 및 그를 이용한 메모리 장치",정보기술(IT),2024-12-31
403,2022-04-12,10-2022-0045261,2024-04-03,10-2655746,최학준,"최학준,윤우열,조동호",전기자동차의 주행 중 무선충전을 위한 분산 제어 방법 및 분산 통신 시스템,환경/에너지기술(ET),2024-12-31
404,2022-05-31,10-2022-0066569,2024-12-05,10-2740693,강병훈,"강병훈,김대경,김건우,최원우,김은진,임창일,이호준,송용호,이준수",소프트웨어 기반의 개별분리 아키텍처 시스템 시뮬레이터 및 그의 방법,정보기술(IT),2024-12-31
405,2022-07-12,10-2022-0085714,2024-01-09,10-2624772,윤세영,"윤세영,정송,이용식,오지환",최적의 초소 위치 선정을 위한 시뮬레이션 방법 및 이를 위한 시뮬레이션장치,정보기술(IT),2024-12-31
406,2022-11-11,10-2022-0150662,2024-12-02,10-2738891,이성주,"이성주,공태식,윤형준,이택경,안재하",시간 축에 따른 사전 이동성을 활용한 지리적 애드혹 라우팅 강화학습 방법 및 이를 위한 컴퓨터 장치,정보기술(IT),2024-12-31
407,2022-04-04,10-2022-0041802,2024-03-15,10-2649630,공경철,"공경철,이수민,조현태,윤용탁,공경철",케이블 견인 구동장치 및 이를 포함하는 착용형 슈트,나노기술(NT),2024-12-31
408,2022-06-29,10-2022-0079445,2024-06-11,10-2675511,김용희,김용희,다층구조 핵연료 피복관 제조 방법 및 다층구조 핵연료 피복관 제조 장치,나노기술(NT),2024-12-31
409,2022-10-24,10-2022-0137732,2024-12-12,10-2743930,김지환,"김지환,서준호",조셉슨 효과를 이용한 마이크로파 대역의 표면파 생성 소자 및 방법,나노기술(NT),2024-12-31
410,2022-06-20,10-2022-0075186,2024-03-06,10-2646338,윤세영,"윤세영,배상민,오재훈,김상묵,신재우,김성윤,정우진",향상된 표상을 위한 연합학습 알고리즘,정보기술(IT),2024-12-31
411,2022-10-19,10-2022-0135059,2024-01-24,10-2630328,이현주,"이현주,이태민,이상목",습도센서 모듈과 이를 구비하는 습도 측정장치 및 이를 이용하는 습도측정 방법 ,정보기술(IT),2024-12-31
412,2022-09-16,10-2022-0117007,2024-06-12,10-2675904,한동수,"한동수,이윤헌,김창준,최보현,이기훈,이준구,이증락",저궤도 위성 네트워크 구성 방법 및 장치,정보기술(IT),2024-12-31
413,2022-11-09,10-2022-0148883,2024-01-24,10-2630332,이현주,"이현주,김미경,Jia Chee Leong,김기업",생체탐침 모듈과 이를 구비하는 생체정보 검출장치 및 생체탐침모듈의제조방법,정보기술(IT),2024-12-31
414,2022-07-20,10-2022-0089863,2024-09-30,10-2713966,김규태,"김규태,이태송","인젝터, 이를 포함하는 연소기 및 이를 포함하는 가스 터빈",환경/에너지기술(ET),2024-12-31
415,2022-08-17,10-2022-0102960,2024-04-02,10-2655393,신진우,"신진우,김서진,정종헌",적대적 강인성을 위한 신경망모델의 학습방법 및 이를 위한 장치,정보기술(IT),2024-12-31
416,2022-10-14,10-2022-0132563,2024-02-15,10-2638369,노준용,"노준용,김혜민,조경민",모션 클립의 보정 방법 및 장치,문화기술(CT),2024-12-31
417,2022-12-14,10-2022-0174790,2024-12-18,10-2746022,이행기,"이행기,김나루,박지훈,장대익",균열자가진단 및 자가치유가 가능한 콘크리트 구조물 및 콘크리트 구조물의 모니터링 시스템,정보기술(IT),2024-12-31
418,2022-08-31,10-2022-0109670,2024-12-12,10-2743711,유홍기,"유홍기,이동령",원격 초점 조절과 공초점을 이용한 구강 내 치아 스캐너 및 이에 의한 스캐닝 방법,정보기술(IT),2024-12-31
419,2023-03-24,10-2023-0038738,2024-01-10,10-2625027,이현주,"이현주,국건",공간 초음파 변조기 및 이를 구비하는 초음파 장치와 이를 이용한 진폭변조 초음파의 생성방법 ,생명공학기술(BT),2024-12-31
420,2022-08-03,10-2022-0096725,2024-08-06,10-2693987,이재우,"이재우,양정우,김호동",이산화탄소가 함유된 가스로부터의 계층적 탄소소재에 단일 금속원자 촉매 및 질소 원자가 포함된 다공성 복합체를 제조하는 방법,환경/에너지기술(ET),2024-12-31
421,2022-10-14,10-2022-0132382,2024-11-12,10-2731174,윤준보,"윤준보,김태수,이용복,이소영,이승준",기계식 비휘발성 메모리 장치 및 기계식 메모리,나노기술(NT),2024-12-31
422,2022-12-12,10-2022-0172961,2024-11-12,10-2730654,안승영,"안승영,최세민,허성렬,김해림,우성호",이중모드 멀티코일 무선전력전송 시스템 ,정보기술(IT),2024-12-31
423,2021-07-22,10-2021-0096446,2024-02-07,10-2636472,최학준,"최학준,조동호,정구호,홍순만",고정형/이동형 무선 급전패드와 차량의 임의의 공간에 장착이 가능한 무선 집전패드와 레귤레이터,정보기술(IT),2024-12-31
424,2022-08-31,10-2022-0110216,2024-12-26,10-2748563,김택수,"김택수,김지훈,표재범",원격 제어가 가능한 반자기 부상 로터 및 이를 이용한 소프트 액츄에이터,정보기술(IT),2024-12-31
425,2022-11-11,10-2022-0150920,2024-11-06,10-2728719,한승민,"한승민,최시은",벌크 금속 다층 구조체의 제조 방법,나노기술(NT),2024-12-31
426,2022-11-04,10-2022-0145966,2024-07-29,10-2690596,강준혁,"강준혁,유성훈",심층 강화 학습 기반의 보안 오프로딩 방법 및 상기 방법을 수행하는 무인 항공기,정보기술(IT),2024-12-31
427,2023-01-30,10-2023-0011750,2024-02-06,10-2635646,조계춘,"조계춘,이민형",가교 바이오폴리머를 포함하는 지반 강화용 토양 조성물 및 이를 이용한 지반 강화용 시공방법,환경/에너지기술(ET),2024-12-31
428,2022-10-17,10-2022-0132964,2024-06-28,10-2680819,김용대,"김용대,장준하,조만기,김동관,김재훈",센서 제어 유닛 간 통신 왜곡을 통한 안티드론 시스템 및 그 동작 방법,정보기술(IT),2024-12-31
429,2022-10-19,10-2022-0134846,2024-10-22,10-2722171,염지현,염지현,전자 및 양성자가 동시 도핑된 셀레늄 나노와이어 및 이의 제조방법,나노기술(NT),2024-12-31
430,2022-10-20,10-2022-0135864,2024-12-03,10-2739864,김산하,"김산하,김동근,Filippo Danilo Michelacci",3D 프린터 지지패드 및 이를 구비한 3D 프린팅 시스템,정보기술(IT),2024-12-31
431,2022-10-18,10-2022-0134395,2024-07-01,10-2681675,박상후,"박상후,김현주,한나래,김미향,이진영,이유영,강문석",플라즈마 처리를 포함하는 땅콩 겉껍질의 기능성 개선 방법,정보기술(IT),2024-12-31
432,2022-10-27,10-2022-0140468,2024-06-21,10-2678612,강준혁,"강준혁,김상혁,차서현",송신안테나 모델링 방법 및 이를 위한 모델링 장치,문화기술(CT),2024-12-31
433,2022-10-21,10-2022-0136660,2024-08-14,10-2696685,김종환,"김종환,홍찬솔,이경민",경기장 바닥면의 마찰계수 가변 제어를 이용한 인공지능 로봇축구 시뮬레이션 경기 제어 방법 ,정보기술(IT),2024-12-31
434,2022-09-15,10-2022-0116511,2024-04-22,10-2660894,장석복,"장석복,함원석,최훈철,지엔뽀장",피리미딘-2-아민 화합물의 제조방법,나노기술(NT),2024-12-31
435,2022-12-21,10-2022-0180237,2024-11-25,10-2735566,최준일,"최준일,차지훈,김환진",와이파이 채널 상태 정보를 활용한 심층 신경망 기반의 실내 적응형 사람 인지 방법 및 시스템,정보기술(IT),2024-12-31
436,2022-11-02,10-2022-0144369,2024-09-24,10-2711338,공경철,"공경철,고찬영,최상욱,윤용탁,공경철",착용형 로봇의 제어방법,나노기술(NT),2024-12-31
437,2022-12-14,10-2022-0174609,2024-05-23,10-2670139,김성민,"김성민,심승우,신현호","저해상도 이미징 장치, 동작 인식 방법, 동작 인식 장치 및 동작 인식 시스템",정보기술(IT),2024-12-31
438,2023-01-03,10-2023-0000493,2024-11-07,10-2728900,김대식,"김대식,이재혁",주의 알고리즘 기반의 단일/다중 소스 이미지를 활용 가능한 고선명도 얼굴 교체 시스템 및 방법,정보기술(IT),2024-12-31
439,2022-12-21,10-2022-0181081,2024-11-15,10-2732226,한동수,"한동수,예준철,여현호",이미지 압축 및 뉴럴넷 기반 초해상화 공동 최적화 방법 및 장치,정보기술(IT),2024-12-31
440,2023-02-09,10-2023-0017315,2024-01-09,10-2624551,김민준,"김민준,정진영",회전 변위의 제약이 없는 다관절 로봇의 작업공간 유연제어 방법,정보기술(IT),2024-12-31
441,2022-12-28,10-2022-0186814,2024-07-18,10-2687398,박형순,"박형순,권혁준,박찬범",재활 운동 모니터링 시스템 및 그 모니터링 방법,생명공학기술(BT),2024-12-31
442,2022-12-19,10-2022-0178678,2024-07-19,10-2688049,김성민,"김성민,심승우,신현호","저해상도 이미징 장치, 동작 인식 방법, 동작 인식 장치 및 동작 인식 시스템",정보기술(IT),2024-12-31
443,2022-12-20,10-2022-0179530,2024-04-24,10-2661899,하동수,"하동수,Nengroo, Sarvar Hussain,진호준,이상금",신재생에너지 발전량 예측 장치 및 방법,정보기술(IT),2024-12-31
444,2023-02-09,10-2023-0017517,2024-12-24,10-2748118,오왕열,"오왕열,김경환,박현상",혈관 내에 흐르는 혈구의 직접적 이미징 방법,기타(EC),2024-12-31
445,2023-03-24,10-2023-0038496,2024-12-04,10-2740239,김주영,"김주영,김정훈,유성엽",다중 신경망 가속을 위한 확장가능 벡터-어레이 이종 가속 기 구조 및 스케쥴링 기법,정보기술(IT),2024-12-31
446,2023-01-26,10-2023-0010102,2024-05-13,10-2666630,김상현,"김상현,박주혁,금대명",저전류 영역에서의 효율 증대 마이크로 발광 다이오드 소자와 그의 제조 방법 및 그를 포함하는 디스플레이,정보기술(IT),2024-12-31
447,2023-05-16,10-2023-0063427,2024-11-15,10-2732200,조성환,"조성환,이기우,김동환",메모리 디바이스,나노기술(NT),2024-12-31
448,2023-06-09,10-2023-0074044,2024-07-31,10-2691606,조성환,"조성환,이기우,김동환",메모리 디바이스,나노기술(NT),2024-12-31
449,2023-04-03,10-2023-0043659,2024-01-10,10-2624969,김윤기,"김윤기,신민경",mRNA 번역 증가를 유도하는 mRNA 3'UTR 서열,생명공학기술(BT),2024-12-31
450,2022-12-27,10-2022-0186443,2024-02-26,10-2642059,김문철,"김문철,기세환",다양한 영상 신호 특성의 다중 모델을 이용한 영상 화질 향상 방법 및 장치,정보기술(IT),2024-12-31
451,2023-06-05,10-2023-0072140,2024-12-02,10-2738696,장대준,"장대준,김세훈,편혜미",액체 수위측정장치 및 방법,환경/에너지기술(ET),2024-12-31
452,2023-04-21,10-2023-0052937,2024-11-06,10-2728698,우운택,"우운택,김두영",원격 협업용 공유 공간 생성 방법 및 시스템,정보기술(IT),2024-12-31
453,2023-06-05,10-2023-0072136,2024-12-02,10-2738703,장대준,"장대준,김세훈,편혜미",액체 수위측정장치 및 방법,환경/에너지기술(ET),2024-12-31
454,2023-05-19,10-2023-0064892,2024-07-26,10-2690492,최인성,"최인성,한상영,윤경원",폴리페놀계 화합물 및 3가 철염을 포함하는 초분자 졸을 함유하는 항균 및 항바이러스용 코팅 필름,생명공학기술(BT),2024-12-31
455,2023-04-19,10-2023-0051620,2024-12-05,10-2741087,김주영,"김주영,조현준,한원탁,김동혁",룩-업 테이블 기반 선형 보간을 이용하는 서브어레이-레벨 프로세싱-인-메모리 구조,정보기술(IT),2024-12-31
456,2023-04-19,10-2023-0051619,2024-09-24,10-2710971,김주영,"김주영,김재영,이석진,양제,임석빈",예측기반 양자화와 삼중 이기종 구조를 가진 다중 심층신경망 학습 프로세서,정보기술(IT),2024-12-31
457,2023-04-03,10-2023-0043291,2024-10-31,10-2725945,남윤성,"남윤성,구본일,RAFIA TASNIM RAHMAN",우수한 분산 안정성을 갖는 멀티라멜라 콜라겐-지질 소포 및 그 제조방법,생명공학기술(BT),2024-12-31
458,2023-05-12,10-2023-0061695,2024-12-09,10-2742159,김성수,"김성수,박성연,온승윤",전자 패키지 몰딩 장치와 몰딩 방법 및 이를 이용하여 제작된 전자 패키지,기타(EC),2024-12-31
459,2023-07-04,10-2023-0086433,2024-07-26,10-2690517,강준혁,"강준혁,이영준,박상우,공진우",가변 학습율을 이용한 연합학습방법 및 장치,정보기술(IT),2024-12-31
460,2023-04-27,10-2023-0055368,2024-04-16,10-2659172,홍승훈,"홍승훈,오세윤,김진우,조성준",그래프 및 하이퍼그래프 처리를 위한 등변적 하이퍼그래프 신경망을 갖는 컴퓨터 장치 및 그의 방법,정보기술(IT),2024-12-31
461,2023-06-09,10-2023-0074048,2024-12-12,10-2743561,조성환,"조성환,이기우,김동환",메모리 디바이스,나노기술(NT),2024-12-31
462,2023-05-04,10-2023-0058355,2024-07-29,10-2690863,이상엽,"이상엽,장우대",코로나바이러스감염증-19 예방 또는 치료용 약학적 조성물,생명공학기술(BT),2024-12-31
463,2023-06-26,10-2023-0081660,2024-01-16,10-2627070,이흥규,"이흥규,김재호","미생물, 및 면역관문 억제제를 유효성분으로 포함하는, 고 당분 환경에서의 뇌종양 예방 또는 치료용 조성물",생명공학기술(BT),2024-12-31
464,2023-06-26,10-2023-0082121,2024-10-16,10-2719910,김주영,"김주영,김재영,이석진,유승재,조현준,윤성웅,김동혁",비정형 희소성을 위한 멀티칩 모듈 CIM 기반의 전치 매크로를 갖는 하이브리드 희소-밀집 CIM 트랜스포머 가속기,정보기술(IT),2024-12-31
465,2023-06-26,10-2023-0082122,2024-05-29,10-2671555,김주영,"김주영,김재영,이석진,유승재,조현준,윤성웅,김동혁",재구성 가능한 RBL과 RWL 드라이버를 갖는 전력 효율적인 이중 모드 2T-임베디드 DRAM CIM 매크로,정보기술(IT),2024-12-31
466,2023-06-14,10-2023-0076310,2024-07-24,10-2689248,김주영,"김주영,임석빈,허재훈,양진호",가상 복셀과 관심 영역 기반 스킵핑을 활용한 대규모 포인트 클라우드 신경망 가속 프로세서,정보기술(IT),2024-12-31
467,2023-06-15,10-2023-0076657,2024-04-22,10-2661017,정재웅,"정재웅,카렌,정원일,양경모","체온에 의해 부드럽게 변하고 재사용이 불가능하며 온도 센싱 기능을 가진 가변강성 정맥 주사바늘, 그를 갖는 정맥 주사세트, 및 그의 제조 방법",생명공학기술(BT),2024-12-31
468,2023-07-13,10-2023-0091258,2024-07-22,10-2688596,이대영,"이대영,이성빈,조남석,이태영","스파이럴 루프 지름 가변형 휠, 그의 제작 방법, 및 그를 갖는 무인 차량",우주항공기술(ST),2024-12-31
469,2023-07-24,10-2023-0096379,2024-11-06,10-2728715,금동석,"금동석,김영석",카메라와 레이다를 이용한 3차원 환경 인지 시스템 및 그 방법,정보기술(IT),2024-12-31
470,2023-07-04,10-2023-0086509,2024-12-27,10-2749199,박해원,"박해원,엄용",전자 영구 자석 및 그 제어 방법,기타(EC),2024-12-31
471,2023-07-18,30-2023-0027521,2024-05-29,30-1262778,김형수,"김형수,박해원,박성진,박지혜",의료용 음압 챔버,생명공학기술(BT),2024-12-31
472,2023-08-07,10-2023-0102925,2024-07-24,10-2689250,김주영,"김주영,고건우,김시연,Chen, Yi,함세리,유성엽",확산 모델의 종단간 연산 수행을 지원하는 양자화 기법이 적용된 데이터 처리 프로세서,정보기술(IT),2024-12-31
473,2023-08-07,10-2023-0102924,2024-10-18,10-2721003,김주영,"김주영,김시연,고건우,Chen, Yi,함세리,유성엽",확산 모델의 합성곱과 행렬곱에서의 데이터 재사용성의 증가와 양자화 기법의 지원을 통한 고성능 고효율 어레이 프로세서,정보기술(IT),2024-12-31
474,2023-08-07,10-2023-0102923,2024-07-24,10-2689249,김주영,"김주영,김시연,고건우,Chen, Yi,함세리,유성엽",확산 모델의 경량화를 위한 양자화 기법과 보정 기법을 구현하기 위한 장치의 동작 방법 및 장치,정보기술(IT),2024-12-31
475,2023-03-23,10-2023-0038102,2024-02-07,10-2636668,김문철,"김문철,이범식",쿼드 트리를 이용한 블록 정보 부/복호화 방법 및 이러한 방법을 사용하는 장치,정보기술(IT),2024-12-31
476,2023-05-10,10-2023-0060780,2024-04-22,10-2661026,이성주,"이성주,김동휘,윤형준,김예원,한수진",동적 리소스 적응형 딥러닝 모델 추론 방법 및 상기 방법을 수행하는 딥러닝 모델 추론 장치,정보기술(IT),2024-12-31
477,2023-11-17,10-2023-0159647,2024-11-06,10-2728709,신승원,"신승원,서현민,최동민",허니팟 시스템을 구현하기 위한 전자 장치 및 이의 제어 방법,정보기술(IT),2024-12-31
478,2023-08-07,10-2023-0103199,2024-11-15,10-2732272,서동화,"서동화,이창대,이현기,정영광,양한모,박경덕,마상복",폐 배터리 완전 방전 방법,환경/에너지기술(ET),2024-12-31
479,2023-08-24,10-2023-0111243,2024-09-30,10-2713526,최지환,"최지환,장기원",공중에서의 증폭 후 전달 중계 노드를 포함한 DVB-S2 표준 기반 위성-공중-지상 통신 방법 및 시스템,우주항공기술(ST),2024-12-31
480,2023-06-16,10-2023-0077680,2024-07-26,10-2690306,김윤기,"김윤기,장지윤",SARS-CoV-2 증식억제효과를 보이는 TIS-L 표적 안티센스 올리고뉴클레오타이드,생명공학기술(BT),2024-12-31
481,2023-09-25,10-2023-0128056,2024-11-06,10-2728699,우운택,"우운택,방선영",텍스트 읽기가 수반되는 증강현실 작업을 수행하는 증강현실 시스템 및 그 방법,정보기술(IT),2024-12-31
482,2023-02-14,10-2023-0019186,2024-08-06,10-2693637,김문철,"김문철,이범식",비디오 분할 블록의 복호화 방법,정보기술(IT),2024-12-31
483,2023-10-20,10-2023-0141371,2024-11-15,10-2732358,최지환,"최지환,장기원,김성훈",16-state 터보 부호와 DVB-S2 표준 기반 FEC 부호 성능 비교 및 지상-위성 업링크 채널의 부호 대체 방법 및 시스템,우주항공기술(ST),2024-12-31
484,2023-10-19,10-2023-0140219,2024-03-08,10-2647161,박용화,"박용화,남현욱,김성후,민덕기,서호준",다중채널 음향 및 진동신호 딥러닝 기반 전차 동력장치 고장진단체계,정보기술(IT),2024-12-31
485,2023-10-06,10-2023-0133289,2024-12-05,10-2740862,조호묵,"조호묵,김동엽,정동재,신강식,이성권,조정현,김주원",네트워크 상의 테스트 타겟에 대한 대량 공격 트래픽 생성 시스템 및 그 시스템의 동작 방법,정보기술(IT),2024-12-31
486,2023-09-18,10-2023-0123892,2024-11-28,10-2737209,김문철,김문철,영상 복호화 방법,정보기술(IT),2024-12-31
487,2023-10-17,10-2023-0138705,2024-07-12,10-2686030,이진우,"이진우,김성빈,이용희,안치원,하휘헌,한희,조수호,김은지",이중 기능을 제어한 맥신 기반 슈퍼커패시터 및 스트레인 센서 이중 기능성 소자 ,나노기술(NT),2024-12-31
488,2023-10-31,10-2023-0147609,2024-05-20,10-2668496,김상규,"김상규,송준용",콩 휘발성유기화합물을 유효성분으로 함유하는 노린재 기피용 조성물 및 이의 용도,생명공학기술(BT),2024-12-31
489,2023-11-28,10-2023-0168606,2024-10-28,10-2724199,김주영,"김주영,함세리,김시연,고건우,유성엽",다중 구역 정밀도를 가진 확장 가능한 바이어스를 이용한 하드웨어 최적화 양자화 방법 및 시스템,정보기술(IT),2024-12-31
490,2023-11-08,10-2023-0153395,2024-12-20,10-2746798,이경진,"이경진,김석종,김영근,이민혁,윤석인",스핀궤도토크 난수발생기 및 이의 제조 방법,나노기술(NT),2024-12-31
491,2023-11-16,10-2023-0159523,2024-07-29,10-2691054,조호묵,"조호묵,이경석,이정호,지수근","공개 오류 정보와 코어 덤프의 유사도 산출 및 매칭 시스템, 그 시스템의 동작 방법",정보기술(IT),2024-12-31
492,2024-01-01,10-2024-0000020,2024-11-07,10-2728904,서준석,"서준석,서준석",OFDM 레이더의 주파수-공간 영역 이산 푸리에 변환 코드를 이용한 다중화 방법,정보기술(IT),2024-12-31
493,2023-12-27,10-2023-0192768,2024-07-10,10-2685079,방효충,"방효충,오승렬,김영재,임덕수,고준영","광역 합성 개구 레이더 영상에서 자동으로 표적을 탐색, 추출 및 식별하기 위한 장치 및 방법",정보기술(IT),2024-12-31
494,2023-12-22,10-2023-0189974,2024-11-07,10-2728970,한동수,"한동수,예준철","익명 네트워크의 지연 시간을 저감하는 사용자 단말기, 이를 수행하는 방법, 및 이를 포함하는 지연 시간 저감 시스템",정보기술(IT),2024-12-31
495,2023-12-08,10-2023-0177674,2024-11-06,10-2728826,신승원,"신승원,진영진,장우진,임다연,정진우,이용재,Jian Cui",사이버 보안용 언어 모델 학습 방법 및 이를 실행하는 시스템,정보기술(IT),2024-12-31
496,2023-12-07,10-2023-0176346,2024-12-17,10-2745021,조호묵,"조호묵,한찬희,이경석",실시간 계측 및 단절 인지를 통한 최적의 토르 서킷 구성 시스템 및 그 시스템의 동작 방법,정보기술(IT),2024-12-31
497,2023-12-28,30-2023-0053551,2024-12-26,30-1289172,조병관,"조병관,정찬영,김혜성",선충 분리 장치 (물품류: 제24류),생명공학기술(BT),2024-12-31
498,2023-12-04,10-2023-0173458,2024-12-02,10-2738784,이재우,"이재우,김이겸,김현석,윤상준,라호원,이재구,문태영,문지홍,윤성민,박성진",타르 개질기 일체형 가스화기,환경/에너지기술(ET),2024-12-31
499,2023-12-20,10-2023-0187075,2024-10-24,10-2723564,박용화,박용화,"전차 동력 장치의 고장 진단 시스템, 방법 및 프로그램",정보기술(IT),2024-12-31
500,2024-01-18,10-2024-0008215,2024-06-17,10-2677174,권동수,"권동수,김준영",정보 출력 장치,나노기술(NT),2024-12-31
501,2024-03-28,10-2024-0042661,2024-12-24,10-2748092,이상민,"이상민,박태관,오언택",극초음속 음향 광 변조기 및 그 제조 방법,나노기술(NT),2024-12-31
502,2023-11-20,10-2023-0161276,2024-07-30,10-2691411,손훈,"손훈,김용민,조재영,김보성",레이저 빔 조사 장치 및 방법,기타(EC),2024-12-31
503,2022-07-13,10-2022-0086031,2024-11-22,10-2734948,김영진,"김영진,김승철",그래핀 분말 제조 방법,나노기술(NT),2024-12-31
